0.17980285214539765,0.5525600440404577,-0.9112769205673779,-1.4194671221654396,-1.0204702759510804,1.1131235583065504,1.2041664958515115,0.4101874783252427,-1.447394709464068,0.5496587068882703,0
-0.3695947516322063,0.9367977672768089,1.5336123785158315,1.5225625597505508,-0.9070024130502007,0.2291629897351424,0.4738966051019463,-0.5711389259082069,0.1205874378359638,0.3379262740573992,0
-1.346301602792391,-0.21591540243224389,-0.010528231431458365,0.2225959561132528,-0.009897121990118739,-0.4288723331051544,-0.3811704705256198,-0.21347371739254212,0.08836787795291937,0.6429550431454314,0
-0.18646221703967164,-0.21591540243224389,0.11815015273081593,0.4278538408980896,0.11243541769989199,-0.7945392191988058,-0.696750286840419,-0.9407101157503635,-0.12318505904281406,0.657821034518844,1
0.42397956493544386,0.4565006132313703,0.24682853689308965,-0.11950051852814138,1.947423513050059,-0.9525761097613665,-1.236237546153186,-0.4074178090902568,-1.7981880712895366,-1.6273225923840806,1
-0.0033296824471370015,-0.7922719872867707,-0.7825985364051036,-0.46159699316953556,-0.8662248998201968,-0.15989374282167668,0.1583167887871472,-0.748123089056271,0.32669414720066736,-0.12814501128570818,0
-0.18646221703967164,0.36044118242228207,1.0188988418667349,1.2488853800374358,-0.009897121990118739,-0.4288723331051544,-0.3811704705256198,-0.9121368391876138,-0.013228853653207244,-0.957632104718146,0
0.5460679213304669,1.3210354905131592,0.37550692105536393,-0.46159699316953556,-1.0014345489512617,2.7676825485873526,2.450019560774125,1.9019075639525769,-0.329291768407517,-0.2798283865441675,1
-0.674815642619764,-0.6001531256685951,-0.9112769205673779,-0.8036934678109302,-0.8601082728356966,1.7889890778266664,1.6348748560172128,0.5308152992569349,0.5521506448511324,1.295426573074767,0
-2.3230084539525757,1.4170949213222475,1.4049339943535577,0.5646924307546474,1.2134282749099927,-1.1394940782745802,-1.236237546153186,0.8948374654321557,-0.4215384826466778,0.10420089245288244,0
-1.1631690681998563,-0.6962125564776824,-0.9112769205673779,-0.6326452304902329,-0.2545622013701415,-0.9525761097613665,-0.696750286840419,-1.0894630451391465,-1.5544155744107582,-0.4535672500093667,1
0.7292004559230015,0.5525600440404577,1.1475772260290091,1.2488853800374358,-1.0204702759510804,1.1131235583065504,1.2041664958515115,0.6520829913643595,1.5242489963912371,0.9683772818690904,0
1.7059073070831863,0.07226288999501909,-0.13920661559373265,-0.46159699316953556,-0.9885574395102081,0.17373270852919875,0.4738966051019463,-0.13250799708967104,-0.8714176888901592,-0.09998613759883226,0
-1.1631690681998563,-0.9843908489049454,-1.1686336888919258,-1.1457899424523244,-0.37689474106015225,0.1151333043431381,0.1583167887871472,-0.23419258845261098,0.6413201493666738,0.2161232376565675,0
0.4850237431329554,1.5131543521313349,1.0188988418667349,-0.11950051852814138,0.8464306558399592,-0.536889036640227,-0.696750286840419,-0.23419258845261098,-0.12318505904281406,-0.4535672500093667,1
0.17980285214539765,-0.4080342640504195,-0.3965633839182812,-0.46159699316953556,-0.7536789633053869,1.3733020047055273,1.2690637023110096,2.6948146377100417,1.6617741585935153,0.757012441397483,0
0.30189120854042073,0.5525600440404577,0.37550692105536393,-0.11950051852814138,0.11243541769989199,-0.7945392191988058,-0.696750286840419,-0.47608810149172776,-1.5544155744107582,-1.4428509492083086,0
0.30189120854042073,0.6486194748495451,1.79096914684038,2.617271278603013,0.2347679573899037,-0.33115933909102996,-0.3811704705256198,-0.6327155198452402,-0.8714176888901592,-1.0774016709335537,0
-0.3085505734346947,-1.0804502797140336,-0.9112769205673779,-0.46159699316953556,0.11243541769989199,-0.7945392191988058,-0.696750286840419,-0.6202606455140123,-0.4215384826466778,-0.09998613759883226,0
-1.4073457809899026,0.36044118242228207,1.0188988418667349,1.2488853800374358,0.4794330367699258,-0.6576414377130801,-0.696750286840419,-0.3628075968262392,-0.8714176888901592,-0.7020486375163145,0
-0.3085505734346947,-2.041044587804911,-1.940703993865571,-1.1457899424523244,-1.061956963324215,0.2291629897351424,0.5559003373916788,-0.025861259370643288,-1.1697711124940229,0.1945605476874061,0
-0.7358598208172756,0.4565006132313703,0.6328636893799126,0.5304827832905079,-1.0480705669269705,1.5806373571917087,1.5741961725876463,-0.3849988994213563,3.7242908335033693,2.8287978208617015,0
-0.3085505734346947,0.6486194748495451,0.37550692105536393,-0.11950051852814138,-0.8509333323589456,0.8554733757479719,0.9217114910978825,0.5308152992569349,0.7648276231360451,1.73947733630023,0
-0.2475063952371832,-0.11985597162315652,-0.010528231431458365,-0.11950051852814138,-1.176323663220458,1.6368273349627627,1.6911631546665131,-0.984282811689233,1.1977461744484472,0.8102077285846053,0
0.17980285214539765,1.0328571980858963,1.0188988418667349,0.2225959561132528,0.4794330367699258,-0.6576414377130801,-0.696750286840419,-0.9696618573008362,-0.5730642652862955,-0.8487664582802714,1
1.5227747724906517,-2.7134606034685245,-0.525241768080555,-0.8036934678109302,0.7240981161499486,-0.15989374282167668,-0.3811704705256198,2.3660294467524183,1.1834460698493148,-0.1865320502870064,0
0.9123329905155362,-0.5040936948595068,-1.940703993865571,-1.9326118341275311,1.2134282749099927,-1.1394940782745802,-1.236237546153186,1.6620114331988705,-0.8714176888901592,-0.3810179520372802,0
-0.3085505734346947,1.224976059704072,0.5041853052176383,-0.46159699316953556,0.8464306558399592,-0.536889036640227,-0.696750286840419,0.43331811249094826,-0.2430007300946456,-0.6568849034037559,1
0.30189120854042073,-1.5607474337594722,-0.6539201522428293,0.5646924307546474,-0.2545622013701415,-0.9525761097613665,-0.696750286840419,-1.1678163993147082,-1.2560621508068943,-1.2830543434418051,0
-0.9800365336073218,0.2643817516131947,0.6328636893799126,0.5646924307546474,-0.2545622013701412,-0.536889036640227,-0.3811704705256198,-0.3190896489000016,-1.3483088650460553,-1.7314488388998308,1
-1.7736108501749719,-0.9843908489049454,-0.6539201522428293,-0.11950051852814138,-0.8662248998201968,0.550728002347749,0.6978040480999144,0.020946193707569172,1.6415154826199063,0.7839056386933184,0
-0.7969039990147871,1.0328571980858963,1.5336123785158315,1.3857239698939936,1.947423513050059,-0.9525761097613665,-1.236237546153186,0.03018859450159029,0.21283415207512463,-0.4915608193750391,0
0.9123329905155362,0.2643817516131947,-0.13920661559373265,-0.46159699316953556,-0.2545622013701412,-0.536889036640227,-0.3811704705256198,-0.7219452368769522,-1.1697711124940229,-0.797835498951643,0
1.217553881503094,0.5525600440404577,-0.13920661559373265,-0.6326452304902329,0.8464306558399592,-0.536889036640227,-0.696750286840419,-0.6960771890396068,-0.2018575751205281,0.4127441924552074,0
-1.224213246397368,1.5131543521313349,1.1475772260290091,0.2225959561132528,3.4154139893301934,-0.6576414377130801,-1.236237546153186,-1.2824551917549125,-0.6845493982692991,-0.12814501128570818,0
0.5460679213304669,-0.11985597162315652,-0.7825985364051036,-1.1457899424523244,0.4794330367699258,-0.6576414377130801,-0.696750286840419,-0.15247000369234243,-0.8714176888901592,-1.0774016709335537,0
0.30189120854042073,-0.5040936948595068,-0.26788499975600694,0.08575736625669499,-0.9885574395102081,0.05298030745634551,0.3822242317851153,-0.15247000369234243,-1.0122896539281165,-1.0160191437194448,0
0.9123329905155362,-0.21591540243224389,0.24682853689308965,0.5646924307546474,1.947423513050059,-0.9525761097613665,-1.236237546153186,-0.4994661268105616,-0.8714176888901592,-0.957632104718146,0
-0.18646221703967164,-1.4646880029503841,-0.525241768080555,0.9067889053960412,0.4794330367699258,-0.6576414377130801,-0.696750286840419,-1.3334884327165766,-0.374619737548245,-0.5308002992292821,0
-0.0033296824471370015,-0.6962125564776824,-0.7825985364051036,-0.8036934678109302,0.11243541769989199,-0.7945392191988058,-0.696750286840419,-0.6960771890396068,-0.806182944563413,-1.4428509492083086,1
-1.224213246397368,-0.8883314180958581,-1.0399553047296521,-0.8036934678109302,1.947423513050059,-0.9525761097613665,-1.236237546153186,-0.5350087722209247,1.1543786851820312,0.15023337209628024,0
-0.3085505734346947,0.36044118242228207,-0.010528231431458365,-0.46159699316953556,-0.2545622013701412,-0.536889036640227,-0.3811704705256198,0.4938292301548115,2.405691409649887,1.982336018477301,1
-0.1254180388421601,0.16832232080410647,-1.2973120730542003,-1.624725006950276,-1.0569807244215705,2.7631361532533276,2.4768606893751,-1.074123862672945,-0.7439834956031703,1.3380181473229742,0
0.17980285214539765,1.0328571980858963,0.6328636893799126,-0.11950051852814138,-0.8551037598483779,0.4686673805774849,0.6300817365653792,1.8861821397880658,1.7398720949310893,0.5333768650305516,0
-0.0033296824471370015,0.7446789056586333,0.6328636893799126,0.2225959561132528,-0.936129208214489,0.6626802595361013,0.8177819259786449,-0.23419258845261098,0.8778848280635094,0.44846914139515864,0
-1.0410807118048333,-2.2331634494230865,-0.9112769205673779,1.5909818546788297,-0.49922728075016326,-0.6576414377130801,-0.3811704705256198,-0.45295746732602227,-0.8714176888901592,-1.4428509492083086,0
-0.18646221703967164,0.2643817516131947,-0.010528231431458365,-0.46159699316953556,0.4794330367699258,-0.6576414377130801,-0.696750286840419,-0.8560869853153783,-0.4701637334454743,-0.8487664582802714,0
0.42397956493544386,-0.02379654081406829,-0.525241768080555,-0.8036934678109302,-0.8050586299751914,0.17373270852919875,0.3822242317851153,-1.9225159200364248,1.063181046739909,0.6126573004062864,0
-0.0033296824471370015,2.0895109369858607,1.5336123785158315,0.2225959561132528,-0.009897121990118739,-0.4288723331051544,-0.3811704705256198,0.1469133222527025,0.29912519038799606,-0.07247465203495475,1
0.7902446341205132,0.7446789056586333,0.6328636893799126,0.2225959561132528,-0.9885574395102081,-0.4288723331051544,0.016413078078911694,-0.8560869853153783,-0.04888555433586733,-0.09998613759883226,0
-0.18646221703967164,-0.6001531256685951,-1.4259904572164745,-1.4878864170937185,-1.0048684448022096,1.8122903187439772,1.7265472293340443,0.33126827348221993,-0.2854502330327036,0.31846735887471805,0
-0.552727286224741,-0.02379654081406829,0.8902204577044606,1.5909818546788297,0.4794330367699258,-0.6576414377130801,-0.696750286840419,-0.5469859229066875,-0.2854502330327036,-0.3810179520372802,0
0.17980285214539765,1.5131543521313349,1.1475772260290091,0.2225959561132528,0.11243541769989199,-0.7945392191988058,-0.696750286840419,-0.7613305282188685,-0.2430007300946456,-0.5308002992292821,0
-1.8346550283724834,-0.31197483324133213,0.7615420735421868,1.9330783293202243,0.4794330367699258,-0.6576414377130801,-0.696750286840419,1.0621406436201457,-0.5730642652862955,0.4127441924552074,0
-0.7969039990147871,-0.9843908489049454,-0.6539201522428293,-0.11950051852814138,-1.346817020030955,2.1768046353315205,2.212336260918978,-0.45295746732602227,-0.4215384826466778,0.006457044618750136,0
0.6071120995279785,-0.6962125564776824,-0.6539201522428293,-0.46159699316953556,0.4794330367699258,-0.6576414377130801,-0.696750286840419,1.5818703967507626,1.4320022821520764,0.89796303694537,0
0.6071120995279785,0.4565006132313703,0.8902204577044606,1.5909818546788297,0.4794330367699258,-0.6576414377130801,-0.696750286840419,-0.8979890582031889,-0.806182944563413,-1.210505045469718,1
-0.43063892982971785,-0.7922719872867707,-0.13920661559373265,-0.46159699316953556,-0.8662248998201968,0.550728002347749,0.6978040480999144,1.2282325031120613,0.5750067062845808,0.23730426698904733,1
0.6071120995279785,-0.21591540243224389,-1.6833472255410227,-1.8299828917351126,-0.9218305996792934,2.556900053882176,2.2485435145036807,-0.27622897112147776,0.6837696523047312,1.6000216777564684,0
0.17980285214539765,-1.752866295377648,-1.2973120730542003,-0.46159699316953556,0.11243541769989199,-0.7945392191988058,-0.696750286840419,-0.2551097292330859,-1.2560621508068943,-0.5308002992292821,0
0.057714495750374545,0.5525600440404577,-0.525241768080555,-1.1457899424523244,-0.6739880517358938,1.952063867803129,1.672849001606211,-0.016419238074823077,0.5521506448511324,1.312645530811366,0
-0.6137714644222525,-0.4080342640504195,-0.525241768080555,-0.46159699316953556,-1.1220111191720386,0.2817494120642714,0.6300817365653792,-0.07369302642728301,-0.2018575751205281,1.2691244831834811,0
0.2408470303429092,-1.3686285721412967,-0.9112769205673779,-0.11950051852814138,1.947423513050059,-0.9525761097613665,-1.236237546153186,-0.15247000369234243,0.3537061171130819,0.15023337209628024,0
0.30189120854042073,1.0328571980858963,1.0188988418667349,0.2225959561132528,-0.2545622013701412,-0.536889036640227,-0.3811704705256198,-0.4074178090902568,2.1386653347494113,0.5333768650305516,0
0.30189120854042073,0.7446789056586333,1.79096914684038,2.480432688746455,0.8464306558399592,-0.536889036640227,-0.696750286840419,-0.3190896489000016,-0.8714176888901592,-0.7020486375163145,0
1.217553881503094,0.5525600440404577,1.0188988418667349,0.9067889053960412,0.2347679573899037,-0.33115933909102996,-0.3811704705256198,0.2157638814087294,0.29912519038799606,-0.1865320502870064,0
0.17980285214539765,0.07226288999501909,0.24682853689308965,0.2225959561132528,-1.0450186116748288,1.2211402618416232,1.2995897949516273,1.890124114762897,2.6760916123100458,1.6780948090861216,0
-0.06437386064464855,0.6486194748495451,0.7615420735421868,0.2225959561132528,0.8464306558399592,-0.536889036640227,-0.696750286840419,-0.5469859229066875,-0.374619737548245,0.6725046164846677,0
0.1187586739478861,0.36044118242228207,0.37550692105536393,0.2225959561132528,-0.8509333323589456,0.8554733757479719,0.9217114910978825,-0.27622897112147776,-0.2430007300946456,-0.4915608193750391,0
1.1565097033055824,0.5525600440404577,0.37550692105536393,-0.11950051852814138,-0.2545622013701412,-0.536889036640227,-0.3811704705256198,0.617109052742979,0.619579068151889,0.25811691185927377,0
0.7902446341205132,-2.041044587804911,-0.7825985364051036,1.5909818546788297,0.4794330367699258,-1.368263182882506,-1.236237546153186,-1.8559374371178068,0.5750067062845808,1.1865609266368928,0
-0.9800365336073218,0.36044118242228207,0.7615420735421868,0.5646924307546474,0.4794330367699258,-0.6576414377130801,-0.696750286840419,-0.8839322603622833,-1.5544155744107582,-1.3602873926617205,0
0.3629353867379323,1.0328571980858963,1.1475772260290091,0.5646924307546474,-1.2821555347662348,0.9923711572336972,1.2690637023110096,0.3552446513346702,3.0724543528706016,2.3387535790424443,0
0.7292004559230015,0.07226288999501909,-0.7825985364051036,-1.1457899424523244,-0.07106339183512443,-0.15989374282167668,-0.1572630275276518,0.22421969284798382,0.05535269350921817,0.7295009558336055,0
-1.0410807118048333,0.36044118242228207,-0.010528231431458365,-0.46159699316953556,-0.009897121990118739,-0.4288723331051544,-0.3811704705256198,-2.086237036854375,-1.0122896539281165,1.0020892834611208,1
-1.1021248900023448,-1.0804502797140336,-1.0399553047296521,-0.8036934678109302,0.11243541769989199,-0.7945392191988058,-0.696750286840419,0.08483705417219353,-0.806182944563413,-0.8487664582802714,0
-0.43063892982971785,1.0328571980858963,1.4049339943535577,0.9067889053960412,-1.040985670805927,0.5894197816503383,0.8177819259786449,-1.749290699398779,-0.5730642652862955,-0.957632104718146,0
-1.4073457809899026,1.5131543521313349,1.0188988418667349,-0.11950051852814138,-0.2545622013701415,-0.9525761097613665,-0.696750286840419,-0.3190896489000016,0.9482719758173282,-0.15698247694777107,0
0.6071120995279785,-1.3686285721412967,-1.940703993865571,-1.590515359486137,-1.094793592398902,2.284013768547007,2.1344397444593257,2.548287013015841,-0.12318505904281406,0.35707383320445446,0
0.30189120854042073,0.7446789056586333,1.0188988418667349,0.5646924307546474,-0.2545622013701415,-0.24195436459194083,-0.1572630275276518,0.4101874783252427,-0.08551927152873913,-0.4535672500093667,0
0.057714495750374545,-0.7922719872867707,-0.9112769205673779,-0.8036934678109302,-0.8417583918821949,0.795149479199535,0.8714801537064779,-0.6705116984082411,-0.5730642652862955,-0.15698247694777107,0
-2.5061409885451105,1.5131543521313349,1.1475772260290091,0.2225959561132528,0.8464306558399592,-0.536889036640227,-0.696750286840419,0.8698563417421474,-0.329291768407517,-0.3810179520372802,0
0.3629353867379323,-1.176509710523121,-1.4259904572164745,-1.1457899424523244,0.4794330367699258,-0.6576414377130801,-0.696750286840419,0.9860533929877429,0.1205874378359638,-1.1421037478939187,0
0.42397956493544386,-0.02379654081406829,0.11815015273081593,0.2225959561132528,0.4794330367699258,-0.6576414377130801,-0.696750286840419,0.10275374900298494,0.29912519038799606,0.056326631890064385,0
-0.06437386064464855,0.16832232080410647,0.24682853689308965,0.2225959561132528,-0.13222966168013012,0.2291629897351424,0.1583167887871472,0.5308152992569349,3.058380043600003,3.058165630364417,1
0.057714495750374545,-0.02379654081406829,-0.3965633839182812,-0.46159699316953556,-1.1297103699217594,1.8683266954258677,1.8390770542643944,0.2988850955423793,-0.806182944563413,0.35707383320445446,0
-0.43063892982971785,0.8407383364677207,1.6622907626781063,1.9330783293202243,-0.009897121990118739,-0.4288723331051544,-0.3811704705256198,-0.17261599451557955,-0.806182944563413,-0.797835498951643,0
0.3629353867379323,-0.21591540243224389,-0.010528231431458365,0.2225959561132528,-0.6827260902851804,0.6626802595361013,0.6978040480999144,-0.46449218818917914,0.9821230759085949,1.177025442590152,0
-0.674815642619764,0.16832232080410647,0.37550692105536393,0.2225959561132528,1.947423513050059,-0.9525761097613665,-1.236237546153186,-0.8149730861086609,-1.2560621508068943,-1.0774016709335537,1
0.17980285214539765,-0.6001531256685951,-1.1686336888919258,-1.111580294988185,-0.7438923601301857,-0.08391747402938003,0.1583167887871472,0.25771957508254895,-0.013228853653207244,0.4127441924552074,0
-1.9567433847675066,1.4170949213222475,1.0188988418667349,-0.11950051852814138,-0.2545622013701412,-0.013185259984014874,0.016413078078911694,1.967506515359791,-0.374619737548245,-0.797835498951643,0
0.9123329905155362,-1.8489257261867353,-1.6833472255410227,-1.1457899424523244,-0.7133092252076834,0.2291629897351424,0.3822242317851153,2.1109510039811012,0.1205874378359638,-0.24791457750111534,0
-0.49168310802722937,-0.7922719872867707,-0.6539201522428293,-0.46159699316953556,0.11243541769989199,-0.7945392191988058,-0.696750286840419,-0.6202606455140123,-0.4215384826466778,-0.3810179520372802,0
0.1187586739478861,-0.21591540243224389,0.24682853689308965,0.5646924307546474,-0.9320962673455875,0.5894197816503383,0.7601025356388602,0.3552446513346702,1.5572641808349383,0.5333768650305516,0
0.9733771687130478,-0.6001531256685951,-0.525241768080555,-0.22212946092055974,0.11243541769989199,-0.7945392191988058,-0.696750286840419,-1.0437647005966497,0.4316143879372186,-0.15698247694777107,0
-0.7358598208172756,1.5131543521313349,1.1475772260290091,0.2225959561132528,0.4794330367699258,-0.6576414377130801,-0.696750286840419,-0.3628075968262392,-0.5206243270646913,-0.8487664582802714,0
1.8279956634782095,-0.31197483324133213,-0.26788499975600694,-0.11950051852814138,-0.8050586299751914,0.17373270852919875,0.3822242317851153,1.2014122337257322,0.9653046524583944,0.08050314943535393,0
0.9123329905155362,-0.9843908489049454,-1.6833472255410227,-1.4878864170937185,-0.8798174042301984,1.3733020047055273,1.3289636807295127,2.0568882844614835,0.15204881962399444,0.4127441924552074,0
0.057714495750374545,-0.02379654081406829,-0.7825985364051036,-1.1457899424523244,-0.8884671797638355,1.1577049502564418,1.1695689958781463,0.617109052742979,0.6413201493666738,0.7839056386933184,1
-0.0033296824471370015,1.5131543521313349,1.1475772260290091,0.2225959561132528,-0.4380610109051579,0.3794624060783959,0.3822242317851153,-0.24462613824405455,-0.5730642652862955,-1.0160191437194448,0
-0.9189923554098103,1.0328571980858963,0.6328636893799126,-0.05108122359986246,0.11243541769989199,-0.7945392191988058,-0.696750286840419,-0.4074178090902568,-0.2430007300946456,-0.31261665446148024,1
-0.552727286224741,-1.2725691413322093,-0.6539201522428293,0.2225959561132528,-0.7651675844241008,1.2808781563919935,1.2041664958515115,-1.0437647005966497,-0.2430007300946456,0.8102077285846053,0
-0.1254180388421601,-0.4080342640504195,-0.26788499975600694,-0.11950051852814138,0.4794330367699258,-0.6576414377130801,-0.696750286840419,-0.4300690432033507,-0.374619737548245,-1.0160191437194448,0
0.057714495750374545,-2.041044587804911,-1.4259904572164745,-0.46159699316953556,-1.1203001745609895,2.2912591023611344,2.1546568705791933,1.027352250988529,-0.013228853653207244,0.5972158356309805,1
-0.18646221703967164,-0.6001531256685951,-1.4259904572164745,-1.4878864170937185,-1.0048684448022096,1.8122903187439772,1.7265472293340443,0.33126827348221993,-0.2854502330327036,0.31846735887471805,0
-1.4073457809899026,-0.8883314180958581,-0.7825985364051036,-0.46159699316953556,-0.8417583918821946,0.3794624060783959,0.5559003373916788,-0.18275904998389988,1.9005106908192382,0.10420089245288244,1
1.4006864160956287,-0.02379654081406829,0.8902204577044606,1.5909818546788297,0.11243541769989199,-0.7945392191988058,-0.696750286840419,-0.4994661268105616,-1.0122896539281165,-1.3602873926617205,1
0.2408470303429092,-0.4080342640504195,-0.010528231431458365,0.4278538408980896,-0.07106339183512443,-0.15989374282167668,-0.1572630275276518,-0.27622897112147776,-0.329291768407517,-0.7489839439970845,0
-0.0033296824471370015,1.1289166288949837,1.1475772260290091,0.5646924307546474,-0.9273911696652024,0.5105185166721973,0.6978040480999144,-0.7879872553110712,-0.4215384826466778,-0.901961745467393,0
1.2785980597006055,-0.02379654081406829,0.11815015273081593,0.2225959561132528,0.11243541769989199,-0.7945392191988058,-0.696750286840419,-0.801438525644777,-0.6276451920113814,-1.0160191437194448,1
0.6071120995279785,-0.31197483324133213,0.24682853689308965,0.9067889053960412,0.4794330367699258,-0.6576414377130801,-0.696750286840419,-0.08338627748386565,-1.3483088650460553,-0.8487664582802714,1
1.8279956634782095,-1.9449851569958228,-1.6833472255410227,-1.1457899424523244,0.4794330367699258,-0.6576414377130801,-0.696750286840419,-0.47608810149172776,-0.8714176888901592,-0.5713701815731645,1
1.4617305942931402,0.4565006132313703,-0.13920661559373265,-0.8036934678109302,0.8464306558399592,-0.536889036640227,-0.696750286840419,-0.18275904998389988,-0.2430007300946456,-0.797835498951643,0
1.2785980597006055,0.07226288999501909,-1.1686336888919258,-1.8299828917351126,-1.0076222508904698,2.3610282252434196,2.144613949384443,0.9195363104969755,2.8398355977102554,2.97588602136126,0
0.30189120854042073,0.8407383364677207,0.37550692105536393,-0.11950051852814138,-0.8968080347426998,0.1151333043431381,0.3822242317851153,0.7603812777309962,-0.08551927152873913,0.15023337209628024,0
-0.9800365336073218,1.7052732137495097,1.276255610191283,0.2225959561132528,0.4794330367699258,-0.6576414377130801,-0.696750286840419,-0.2868656078341066,-0.329291768407517,-0.8487664582802714,1
0.66815627772549,0.4565006132313703,0.8902204577044606,0.9067889053960412,-0.8417583918821946,-0.33115933909102996,0.016413078078911694,-0.5711389259082069,-0.329291768407517,-0.12814501128570818,0
-0.43063892982971785,0.6486194748495451,0.7615420735421868,0.2225959561132528,0.4794330367699258,-0.6576414377130801,-0.696750286840419,-0.2551097292330859,-0.5730642652862955,0.08050314943535393,0
1.217553881503094,-1.0804502797140336,-0.6539201522428293,-0.11950051852814138,-0.009897121990118739,-0.4288723331051544,-0.3811704705256198,-0.3190896489000016,-0.5206243270646913,-1.5315357309487523,1
-0.0033296824471370015,1.7052732137495097,1.276255610191283,0.2225959561132528,0.4794330367699258,-0.6576414377130801,-0.696750286840419,-0.7613305282188685,-0.7439834956031703,-1.1421037478939187,1
-1.468389959187414,0.36044118242228207,1.0188988418667349,1.3857239698939936,-0.8662248998201971,0.9664150754688885,1.0133838644147135,-0.9696618573008362,-0.08551927152873913,-0.6568849034037559,0
-0.8579481772122987,-1.0804502797140336,-1.0399553047296521,-0.8036934678109302,0.8464306558399592,-0.536889036640227,-0.696750286840419,1.7393178037941517,2.1316096612006254,-1.210505045469718,0
0.9123329905155362,-1.176509710523121,-1.5546688413787488,-1.4878864170937185,-0.6949593442541814,0.4686673805774849,0.5559003373916788,3.432618773646352,-0.329291768407517,0.17260219002868188,0
1.217553881503094,-2.5213417418503496,-2.19806076219012,-1.2142092373806033,-0.7133092252076834,0.2291629897351424,0.3822242317851153,-0.6960771890396068,-0.08551927152873913,-0.09998613759883226,0
-0.9189923554098103,-0.7922719872867707,-0.525241768080555,-0.11950051852814138,0.4794330367699258,0.05298030745634551,-0.1572630275276518,0.766975021889897,1.0473578202353413,1.3040670215586678,0
-0.9800365336073218,-1.2725691413322093,-0.26788499975600694,1.2488853800374358,-0.009897121990118739,-0.4288723331051544,-0.3811704705256198,-2.4847599682470043,-0.5730642652862955,-0.7020486375163145,0
-0.6137714644222525,0.5525600440404577,1.1475772260290091,1.2488853800374358,0.4794330367699258,-0.6576414377130801,-0.696750286840419,-0.3628075968262392,-0.08551927152873913,-0.4535672500093667,0
-0.9189923554098103,-1.176509710523121,-0.3965633839182812,0.5646924307546474,0.4794330367699258,-0.6576414377130801,-0.696750286840419,-0.3628075968262392,-0.329291768407517,0.25811691185927377,1
0.7902446341205132,0.36044118242228207,0.37550692105536393,0.2225959561132528,-0.6215598204401747,-0.4288723331051544,-0.1572630275276518,-0.5469859229066875,-1.3483088650460553,-1.0160191437194448,0
0.42397956493544386,-0.4080342640504195,-1.812025609703297,-1.8641925391992522,-1.040985670805927,0.5894197816503383,0.8177819259786449,0.15563918027241935,-0.8714176888901592,-0.1865320502870064,0
0.30189120854042073,-0.21591540243224389,0.5041853052176383,0.9067889053960412,-0.2545622013701412,-0.536889036640227,-0.3811704705256198,2.949237290056167,-0.6845493982692991,-1.210505045469718,0
0.6071120995279785,-0.21591540243224389,-0.26788499975600694,-0.46159699316953556,0.2347679573899037,-0.33115933909102996,-0.3811704705256198,-0.18275904998389988,-0.806182944563413,-1.3602873926617205,0
-0.552727286224741,1.8013326445585987,1.6622907626781063,0.5646924307546474,-0.2545622013701415,-0.24195436459194083,-0.1572630275276518,0.9317818581048739,1.9088934583079724,0.7839056386933184,1
-2.017787562965018,0.2643817516131947,0.5041853052176383,0.5646924307546474,0.4794330367699258,-0.6576414377130801,-0.696750286840419,0.5599600581178878,0.27097579204906974,0.43073997392319163,0
-1.1021248900023448,0.36044118242228207,1.0188988418667349,3.1304159905651043,-0.009897121990118739,-0.4288723331051544,-0.3811704705256198,-0.5711389259082069,0.505231899752699,1.034877551378433,0
-1.2852574245948796,1.5131543521313349,2.1770042993272023,1.9330783293202243,1.2134282749099927,-0.4288723331051544,-0.696750286840419,-0.46449218818917914,0.40614605533468606,-0.4915608193750391,0
-2.1398759193600414,1.1289166288949837,0.6328636893799126,-0.11950051852814138,3.4154139893301934,-0.6576414377130801,-1.236237546153186,1.1467637740551309,-0.5730642652862955,0.565721993925516,1
1.8279956634782095,-0.21591540243224389,-0.26788499975600694,-0.46159699316953556,0.8464306558399592,-0.536889036640227,-0.696750286840419,-0.27622897112147776,0.18278688679620708,-0.41674290097723043,0
-0.0033296824471370015,0.8407383364677207,1.1475772260290091,0.9067889053960412,-1.1579409560040699,0.42503481837389806,0.7601025356388602,0.4101874783252427,1.651683189678226,2.469181915449481,0
1.1565097033055824,-0.11985597162315652,-0.010528231431458365,-0.11950051852814138,0.4794330367699258,-0.6576414377130801,-0.696750286840419,-0.5955618004491925,-1.0887131416627096,-1.1421037478939187,1
-1.7125666719774604,0.4565006132313703,1.4049339943535577,2.1041265666409217,0.8464306558399592,-0.536889036640227,-0.696750286840419,-0.09312270574775479,-0.08551927152873913,-0.045581454739119925,0
0.42397956493544386,0.07226288999501909,0.6328636893799126,0.9067889053960412,1.947423513050059,-0.9525761097613665,-1.236237546153186,-0.5955618004491925,-0.5206243270646913,-0.6568849034037559,0
-0.3085505734346947,1.1289166288949837,1.1475772260290091,0.5646924307546474,-0.9885574395102081,-0.24195436459194083,0.1583167887871472,-0.29755425764697746,-0.6845493982692991,-0.6568849034037559,0
-0.7969039990147871,-0.8883314180958581,-0.525241768080555,-0.11950051852814138,-1.1473751226165385,3.075016838685832,2.765599377088924,-0.15247000369234243,0.021501593417950913,0.6279020532692281,0
-1.346301602792391,1.224976059704072,1.5336123785158315,0.9067889053960412,-0.8417583918821946,-0.33115933909102996,0.016413078078911694,-0.4414832964574982,-0.04888555433586733,-0.15698247694777107,0
1.8279956634782095,-0.02379654081406829,-0.26788499975600694,-0.46159699316953556,-0.9273911696652024,0.5105185166721973,0.6978040480999144,1.033188902069673,1.063181046739909,0.44846914139515864,0
0.057714495750374545,-0.4080342640504195,-0.13920661559373265,0.2225959561132528,-0.2545622013701415,-0.9525761097613665,-0.696750286840419,0.47133341034951814,-0.5206243270646913,-0.957632104718146,0
0.3629353867379323,-0.31197483324133213,-0.010528231431458365,0.2225959561132528,2.681418751190126,-0.7945392191988058,-1.236237546153186,-0.5711389259082069,-0.5730642652862955,-0.6568849034037559,0
-0.7969039990147871,-0.21591540243224389,-1.5546688413787488,-1.8299828917351126,-0.7591839275914372,0.9124441688406254,0.9217114910978825,2.103819433116161,0.3537061171130819,0.757012441397483,0
-0.18646221703967164,0.5525600440404577,0.11815015273081593,-0.46159699316953556,-0.9320962673455875,0.5894197816503383,0.7601025356388602,-0.1424662126330466,0.5974786139918598,1.6133927321257568,0
-0.43063892982971785,0.36044118242228207,1.0188988418667349,1.2488853800374358,-1.0344321418939624,0.7310529547776939,0.9217114910978825,0.17298708507124955,0.9821230759085949,2.586781586390085,0
0.7902446341205132,-1.6568068645685596,-1.940703993865571,-1.4878864170937185,-0.8756350951809672,0.6267042711400458,0.7601025356388602,2.3017358549128883,0.29912519038799606,0.6279020532692281,1
0.9123329905155362,-0.4080342640504195,-1.2973120730542003,-1.3852574747013002,-1.1220111191720386,0.2817494120642714,0.6300817365653792,2.282073132836065,0.40614605533468606,0.9569255493485621,0
1.2785980597006055,-0.8883314180958581,-1.6833472255410227,-1.8299828917351126,-0.8191739230163465,0.6626802595361013,0.7601025356388602,-0.7219452368769522,-0.806182944563413,-0.24791457750111534,1
1.8279956634782095,-3.577995480750314,-2.8414526830014903,-1.4878864170937185,-0.8756350951809672,0.6267042711400458,0.7601025356388602,0.1469133222527025,-0.6845493982692991,-0.5713701815731645,0
-0.9800365336073218,-1.176509710523121,-0.7825985364051036,-0.11950051852814138,2.681418751190126,-0.7945392191988058,-1.236237546153186,-0.801438525644777,0.40614605533468606,-0.15698247694777107,1
-1.9567433847675066,0.7446789056586333,0.6328636893799126,0.2225959561132528,1.947423513050059,-0.9525761097613665,-1.236237546153186,0.686506136350188,-0.4215384826466778,0.2161232376565675,0
-1.6515224937799489,-0.4080342640504195,-1.2973120730542003,-1.4878864170937185,-1.093413902101646,-0.15989374282167668,0.27829466666587765,0.6590111256307897,-1.7981880712895366,-0.957632104718146,0
0.9123329905155362,0.6486194748495451,1.1475772260290091,0.9067889053960412,0.4794330367699258,-0.6576414377130801,-0.696750286840419,0.440974248273223,-0.806182944563413,-0.6568849034037559,0
-0.0033296824471370015,-0.9843908489049454,-1.0399553047296521,-0.8036934678109302,-1.1893082738733034,2.6525849355282585,2.4702366868939927,-0.47608810149172776,0.27097579204906974,-0.4535672500093667,0
-1.1631690681998563,1.5131543521313349,1.1475772260290091,0.2225959561132528,-0.07106339183512443,-0.15989374282167668,-0.1572630275276518,-0.6578402163640393,-0.013228853653207244,0.3379262740573992,0
0.7292004559230015,-1.2725691413322093,-1.2973120730542003,-0.8036934678109302,0.11243541769989199,-0.7945392191988058,-0.696750286840419,-0.2551097292330859,-0.12318505904281406,0.8735398032016651,0
0.9123329905155362,-0.21591540243224389,-0.3965633839182812,-0.46159699316953556,-0.7683588680681882,2.0750474133206755,1.8085509616237763,3.283756281864066,1.267038727761491,1.659048832802009,0
-0.3085505734346947,-1.3686285721412967,-0.6539201522428293,0.2225959561132528,2.681418751190126,-0.7945392191988058,-1.236237546153186,-0.3190896489000016,-0.04888555433586733,-0.5713701815731645,0
0.3629353867379323,0.2643817516131947,0.11815015273081593,-0.46159699316953556,0.8464306558399592,-0.536889036640227,-0.696750286840419,0.39462994267658646,-0.806182944563413,-0.5308002992292821,1
0.1187586739478861,1.5131543521313349,1.1475772260290091,0.2225959561132528,0.8464306558399592,-0.536889036640227,-0.696750286840419,0.2742789310317991,0.05535269350921817,-0.6133638557758704,0
2.3773932672558136,-0.4080342640504195,0.11815015273081593,0.5646924307546474,0.11243541769989199,-0.7945392191988058,-0.696750286840419,-0.47608810149172776,-1.447394709464068,-0.957632104718146,1
-0.8579481772122987,-0.4080342640504195,-0.13920661559373265,0.2225959561132528,0.4794330367699258,-0.6576414377130801,-0.696750286840419,-0.8560869853153783,-0.806182944563413,-1.2830543434418051,1
1.2785980597006055,0.6486194748495451,-1.1686336888919258,-1.8299828917351126,-0.9885574395102081,1.0423913442611852,1.1333617422934439,-0.8422962485217396,-1.2560621508068943,-0.5308002992292821,1
-0.3695947516322063,1.6092137829404223,0.24682853689308965,-1.1457899424523244,-0.2545622013701415,-0.9525761097613665,-0.696750286840419,-0.47608810149172776,-0.4215384826466778,-0.09998613759883226,0
0.057714495750374545,1.0328571980858963,0.24682853689308965,-0.8036934678109302,-0.8676641061694913,2.556900053882176,2.2215472038478334,1.4317118334623022,1.5130602529833903,1.9067300217394039,0
0.9123329905155362,-1.8489257261867353,-1.4259904572164745,-0.46159699316953556,-0.6215598204401747,-0.013185259984014874,0.1583167887871472,0.9439591850379611,2.394115172532697,2.2166914892979945,0
1.5227747724906517,-0.31197483324133213,-0.3965633839182812,-0.8721127627392087,-0.2545622013701412,-0.536889036640227,-0.3811704705256198,-0.13250799708967104,0.4316143879372186,0.8486077156536833,1
-1.224213246397368,1.1289166288949837,1.5336123785158315,1.2488853800374358,2.681418751190126,-0.7945392191988058,-1.236237546153186,-1.1204681682695814,-0.2430007300946456,-0.7489839439970845,1
0.057714495750374545,0.4565006132313703,-0.6539201522428293,-1.1457899424523244,-0.845836143205195,2.4007187483831096,2.092358383040248,-0.06404257132044416,0.7450191566177463,1.8535347345522817,0
0.9123329905155362,0.16832232080410647,0.5041853052176383,0.5646924307546474,0.3571004970799144,0.42503481837389806,0.1583167887871472,0.33126827348221993,0.9653046524583944,0.10420089245288244,0
1.5227747724906517,-0.11985597162315652,-0.525241768080555,-0.6326452304902329,1.947423513050059,-0.9525761097613665,-1.236237546153186,2.8525145830907217,0.9135415287461701,1.6133927321257568,0
1.2785980597006055,-1.9449851569958228,-1.4259904572164745,-0.46159699316953556,0.4794330367699258,-0.6576414377130801,-0.696750286840419,-0.7613305282188685,-0.7439834956031703,-0.4535672500093667,0
-0.6137714644222525,1.5131543521313349,1.1475772260290091,0.2225959561132528,-0.2545622013701412,-0.536889036640227,-0.3811704705256198,-0.8560869853153783,-0.8714176888901592,-1.2830543434418051,1
-0.9800365336073218,1.0328571980858963,1.9196475310026537,2.2067555090333397,0.11243541769989199,-0.7945392191988058,-0.696750286840419,-0.7613305282188685,0.48114031040007144,0.7433357563494364,0
0.057714495750374545,0.6486194748495451,-0.13920661559373265,-0.8036934678109302,0.11243541769989199,-0.7945392191988058,-0.696750286840419,-0.09312270574775479,0.05535269350921817,-0.8487664582802714,0
-0.0033296824471370015,-0.4080342640504195,-0.525241768080555,-0.46159699316953556,-0.7788445143273316,0.7636020526257713,0.8177819259786449,1.7138515988720147,0.3537061171130819,0.25811691185927377,0
-0.3695947516322063,1.5131543521313349,1.1475772260290091,0.2225959561132528,-0.9885574395102081,0.05298030745634551,0.3822242317851153,-0.035344244010718145,1.109557269195584,0.5496587068882703,0
0.6071120995279785,0.7446789056586333,-0.26788499975600694,-1.1457899424523244,-0.8050586299751914,0.8843544536986244,0.9217114910978825,0.8761284393918091,0.05535269350921817,0.4831584373789278,0
0.9123329905155362,-0.4080342640504195,-0.3965633839182812,-0.46159699316953556,-0.6215598204401747,0.2817494120642714,0.3822242317851153,-0.45295746732602227,0.21283415207512463,-0.1865320502870064,0
-1.1631690681998563,-0.31197483324133213,-0.525241768080555,-0.46159699316953556,-0.8254473865901932,0.2817494120642714,0.4738966051019463,-0.869965282929072,0.4566066489539025,0.44846914139515864,0
-0.7358598208172756,1.9934515061767735,1.0188988418667349,-0.46159699316953556,0.11243541769989199,-0.7945392191988058,-0.696750286840419,0.19875348792584674,-0.806182944563413,-0.5308002992292821,0
-2.3840526321500874,-1.5607474337594722,-1.4259904572164745,-0.8036934678109302,1.947423513050059,-0.9525761097613665,-1.236237546153186,0.4637830590385951,-0.013228853653207244,-0.5308002992292821,0
1.5227747724906517,-0.7922719872867707,-1.4259904572164745,-1.4878864170937185,-1.0344321418939624,0.7310529547776939,0.9217114910978825,-0.3628075968262392,0.05535269350921817,-0.6133638557758704,0
-0.43063892982971785,-0.5040936948595068,-0.26788499975600694,-0.11950051852814138,1.947423513050059,-0.9525761097613665,-1.236237546153186,-0.7613305282188685,-0.7439834956031703,-0.3810179520372802,1
1.5227747724906517,-0.6001531256685951,-0.7825985364051036,-0.6326452304902329,0.11243541769989199,-0.7945392191988058,-0.696750286840419,0.03018859450159029,-1.0122896539281165,-0.6133638557758704,1
-0.18646221703967164,-0.31197483324133213,-1.0399553047296521,-1.1457899424523244,-0.8968080347426998,1.5363767946819895,1.4611987504106496,2.1671811023105274,-0.5730642652862955,0.006457044618750136,0
0.9123329905155362,0.16832232080410647,0.5041853052176383,0.6331117256829263,-1.0374904553862125,1.3733020047055273,1.4109674130192449,0.20727523178441434,1.370939294828236,0.9569255493485621,0
-0.18646221703967164,-0.6001531256685951,-0.9112769205673779,-0.8036934678109302,0.11243541769989199,-0.7945392191988058,-0.696750286840419,-0.3738750864513384,0.6837696523047312,-0.41674290097723043,0
-1.7125666719774604,0.7446789056586333,1.0188988418667349,0.8383696104677623,0.11243541769989199,-0.7945392191988058,-0.696750286840419,-1.0437647005966497,-1.0122896539281165,-0.31261665446148024,1
0.9123329905155362,-0.31197483324133213,-0.26788499975600694,-0.11950051852814138,-0.8417583918821946,0.3794624060783959,0.5559003373916788,0.32321734529713686,0.21283415207512463,0.1274384559161238,0
-1.7736108501749719,0.7446789056586333,1.276255610191283,1.2488853800374358,0.11243541769989199,-0.7945392191988058,-0.696750286840419,1.2704719727021134,-0.4215384826466778,-0.34632865605351,0
0.30189120854042073,1.897392075367686,1.4049339943535577,0.2225959561132528,0.11243541769989199,-0.7945392191988058,-0.696750286840419,-0.27622897112147776,-1.0122896539281165,-1.210505045469718,0
-1.1631690681998563,1.4170949213222475,1.1475772260290091,0.2225959561132528,-0.2545622013701415,-0.9525761097613665,-0.696750286840419,-1.4574145057251775,0.21283415207512463,0.10420089245288244,0
0.9733771687130478,0.4565006132313703,0.37550692105536393,-0.11950051852814138,0.4794330367699258,-0.6576414377130801,-0.696750286840419,-0.4300690432033507,-0.4215384826466778,-0.34632865605351,0
-0.0033296824471370015,-1.2725691413322093,-1.4259904572164745,-1.4878864170937185,1.947423513050059,-0.9525761097613665,-1.236237546153186,0.31513665390876167,-0.6845493982692991,-0.12814501128570818,1
1.1565097033055824,-0.8883314180958581,0.11815015273081593,1.5567722072146901,-0.8417583918821946,-0.33115933909102996,0.016413078078911694,-1.0437647005966497,-0.8714176888901592,-0.797835498951643,0
-0.2475063952371832,1.1289166288949837,0.8902204577044606,0.2225959561132528,0.8464306558399592,-0.536889036640227,-0.696750286840419,-0.32993743558681815,-0.2854502330327036,-0.797835498951643,1
1.217553881503094,-0.11985597162315652,0.6328636893799126,1.2488853800374358,0.11243541769989199,-0.7945392191988058,-0.696750286840419,-0.3517958630528177,-0.9399992360525846,-0.901961745467393,0
0.17980285214539765,-0.6962125564776824,-1.1686336888919258,-1.0773706475240454,-0.9885574395102081,0.7636020526257713,0.9217114910978825,0.20727523178441434,-0.2018575751205281,1.0876040052917122,0
-1.1631690681998563,-0.21591540243224389,-0.26788499975600694,-0.46159699316953556,-0.8773460397920163,1.5806373571917087,1.4851488121929453,0.2157638814087294,0.9821230759085949,1.0562477070512788,0
-0.8579481772122987,-0.4080342640504195,0.7615420735421868,2.275174803961619,1.947423513050059,-0.9525761097613665,-1.236237546153186,-0.6327155198452402,0.29912519038799606,-0.3810179520372802,0
0.1187586739478861,-0.7922719872867707,-1.6833472255410227,-1.590515359486137,-0.9885574395102081,0.6974364851854108,0.8714801537064779,0.48635631849615085,0.6837696523047312,0.43073997392319163,1
2.438437445453325,0.5525600440404577,0.6328636893799126,0.2225959561132528,-0.009897121990118739,-0.4288723331051544,-0.3811704705256198,-0.2551097292330859,-1.0887131416627096,-1.3602873926617205,1
-0.7969039990147871,-1.0804502797140336,-1.1686336888919258,-0.8036934678109302,-1.1138736996804635,2.3474490801321886,2.1935807607566127,0.4637830590385951,0.5521506448511324,0.6429550431454314,0
0.17980285214539765,1.5131543521313349,1.4049339943535577,0.5646924307546474,-1.3031268272845224,-0.33115933909102996,0.27829466666587765,1.7769693008211789,2.051435688441005,2.00651253602259,1
-0.7969039990147871,-0.6001531256685951,-0.010528231431458365,0.5646924307546474,-0.7595092800906128,3.1432810976834498,2.615459445675199,-0.1424662126330466,1.211894952350034,1.9324664312059872,0
0.3629353867379323,0.4565006132313703,0.7615420735421868,0.5646924307546474,0.4794330367699258,-0.6576414377130801,-0.696750286840419,-0.82859197459598,-0.16194275926333285,-1.0160191437194448,0
0.2408470303429092,0.16832232080410647,0.6328636893799126,0.9067889053960412,0.4794330367699258,-0.6576414377130801,-0.696750286840419,-0.8560869853153783,-0.9399992360525846,-1.3602873926617205,1
1.217553881503094,-1.176509710523121,-1.6833472255410227,-1.4194671221654396,0.11243541769989199,-0.7945392191988058,-0.696750286840419,0.2742789310317991,-0.329291768407517,-0.6133638557758704,0
1.5227747724906517,-0.4080342640504195,-0.9112769205673779,-1.1457899424523244,-0.8050586299751911,0.5894197816503383,0.6978040480999144,0.9741089669204921,0.6413201493666738,0.1945605476874061,0
-0.43063892982971785,0.5525600440404577,0.5041853052176383,0.2225959561132528,0.11243541769989199,-0.7945392191988058,-0.696750286840419,-0.17261599451557955,2.9516539096221526,0.9683772818690904,0
1.217553881503094,0.36044118242228207,0.24682853689308965,-0.11950051852814138,2.681418751190126,-0.7945392191988058,-1.236237546153186,-0.48774585995763714,-1.1697711124940229,-1.1421037478939187,1
0.4850237431329554,0.16832232080410647,-0.26788499975600694,-0.46159699316953556,-0.8050586299751914,-0.536889036640227,-0.1572630275276518,0.039392079808618426,-1.0887131416627096,-1.4428509492083086,0
0.9733771687130478,1.9934515061767735,1.5336123785158315,0.2225959561132528,3.4154139893301934,-0.6576414377130801,-1.236237546153186,0.4101874783252427,1.063181046739909,1.9119217735535805,0
0.6071120995279785,0.5525600440404577,-0.13920661559373265,-0.8036934678109302,0.4794330367699258,-0.6576414377130801,-0.696750286840419,0.47133341034951814,1.7207710981550657,0.7433357563494364,0
1.6448631288856748,-0.6001531256685951,-1.4259904572164745,-1.4878864170937185,2.681418751190126,-0.7945392191988058,-1.236237546153186,-0.3849988994213563,-0.8714176888901592,-0.34632865605351,0
-1.468389959187414,0.36044118242228207,0.37550692105536393,0.2225959561132528,1.947423513050059,-0.9525761097613665,-1.236237546153186,-0.4994661268105616,-0.5730642652862955,-0.901961745467393,1
0.6071120995279785,-1.2725691413322093,-0.9112769205673779,-0.18791981345642028,-0.2545622013701415,-0.9525761097613665,-0.696750286840419,-0.13250799708967104,-0.6276451920113814,-0.4535672500093667,0
-0.49168310802722937,-1.0804502797140336,-1.2973120730542003,-1.1457899424523244,-0.07106339183512443,-0.15989374282167668,-0.1572630275276518,-0.3961796119379421,0.08836787795291937,-0.24791457750111534,0
1.0344213469105594,0.5525600440404577,0.24682853689308965,-0.15371016599228082,-1.1496783454433936,1.6091172571025312,1.6540935014438454,1.617851859949153,0.5974786139918598,0.44846914139515864,0
-0.7358598208172756,0.5525600440404577,-0.13920661559373265,-0.8036934678109302,0.4794330367699258,-0.24195436459194083,-0.3811704705256198,1.6532506017068676,-0.4215384826466778,-0.7489839439970845,0
0.30189120854042073,-0.6962125564776824,-1.0399553047296521,-0.9063224102033481,-1.0374904553862125,1.3733020047055273,1.4109674130192449,2.272175042573774,2.0737823986169666,2.1633136535762842,0
-0.552727286224741,-0.5040936948595068,-0.7825985364051036,-0.8036934678109302,-1.0864234712622172,0.6267042711400458,0.8714801537064779,0.5815664073326159,-0.4215384826466778,0.581572515931323,0
-1.6515224937799489,1.5131543521313349,1.1475772260290091,0.2225959561132528,-0.2545622013701412,-0.536889036640227,-0.3811704705256198,0.5454362536453318,-0.329291768407517,0.03165159448079543,0
0.66815627772549,-0.6001531256685951,-0.6539201522428293,-0.46159699316953556,-0.009897121990118739,-0.4288723331051544,-0.3811704705256198,-0.3961796119379421,-0.7439834956031703,-0.6133638557758704,0
-0.18646221703967164,0.7446789056586333,1.0188988418667349,0.5646924307546474,0.4794330367699258,-0.6576414377130801,-0.696750286840419,-0.5469859229066875,-0.7439834956031703,-1.0160191437194448,1
0.6071120995279785,-0.21591540243224389,0.11815015273081593,0.2225959561132528,0.8464306558399592,-0.536889036640227,-0.696750286840419,-1.531517349020991,-0.08551927152873913,-1.2830543434418051,0
-1.468389959187414,1.7052732137495097,1.276255610191283,0.2225959561132528,-1.0271887678333695,2.5624567637874027,2.308115850065889,1.0621406436201457,3.1001661642199467,2.8359996294550287,0
-0.9189923554098103,-1.752866295377648,-1.0399553047296521,0.2225959561132528,0.4794330367699258,-0.6576414377130801,-0.696750286840419,-0.6452417692040205,-0.806182944563413,0.006457044618750136,0
-0.552727286224741,-1.2725691413322093,-0.6539201522428293,0.2225959561132528,-0.7651675844241008,1.2808781563919935,1.2041664958515115,-1.0437647005966497,-0.2430007300946456,0.8102077285846053,0
0.057714495750374545,-0.9843908489049454,-0.13920661559373265,0.9067889053960412,-0.9885574395102081,2.6423837521804745,2.3480382209365436,0.18160967822959145,1.7303557057559402,2.9280986700483567,0
0.30189120854042073,1.3210354905131592,1.1475772260290091,0.2225959561132528,-0.009897121990118739,-0.4288723331051544,-0.3811704705256198,-0.4414832964574982,-0.7439834956031703,-0.4915608193750391,1
1.2785980597006055,-0.11985597162315652,0.7615420735421868,1.5909818546788297,0.11243541769989199,-0.7945392191988058,-0.696750286840419,0.048556975965414396,-0.4701637334454743,-0.7020486375163145,0
0.1187586739478861,0.2643817516131947,-0.26788499975600694,-0.5984355830260935,0.4794330367699258,-0.6576414377130801,-0.696750286840419,0.020946193707569172,-1.7981880712895366,-1.5315357309487523,1
0.17980285214539765,-0.4080342640504195,-0.6539201522428293,-0.8036934678109302,0.4794330367699258,-0.6576414377130801,-0.696750286840419,-1.0894630451391465,-0.5206243270646913,-0.7489839439970845,1
-0.7969039990147871,0.5525600440404577,-0.13920661559373265,-0.8036934678109302,2.681418751190126,-0.7945392191988058,-1.236237546153186,0.05768360522099054,-1.5544155744107582,-1.3602873926617205,1
-0.06437386064464855,-0.7922719872867707,-0.13920661559373265,0.5646924307546474,0.4794330367699258,-0.6576414377130801,-0.696750286840419,0.7866377439667205,1.8046552104628868,0.7295009558336055,0
0.5460679213304669,-0.8883314180958581,-0.525241768080555,0.08575736625669499,0.4794330367699258,-0.6576414377130801,-0.696750286840419,-0.559029063736346,-0.12318505904281406,-1.0160191437194448,0
-0.43063892982971785,1.1289166288949837,1.6622907626781063,1.2488853800374358,-0.8050586299751914,0.17373270852919875,0.3822242317851153,0.8318410438835756,1.9741282026347187,2.685738507735266,0
0.7902446341205132,-1.6568068645685596,-1.6833472255410227,-1.1457899424523244,-0.8551037598483779,0.4686673805774849,0.6300817365653792,2.9829400980957526,0.5974786139918598,1.3296202397633285,1
-1.5294341373849256,0.4565006132313703,0.5041853052176383,0.29101525104153175,-0.9972954780594948,2.4575141569115333,2.212336260918978,-0.34083932617163876,1.1543786851820312,0.9218977731147134,1
1.8279956634782095,-1.9449851569958228,-1.1686336888919258,0.2225959561132528,0.8464306558399592,-0.536889036640227,-0.696750286840419,0.4101874783252427,-0.5730642652862955,-0.8487664582802714,0
-0.0033296824471370015,0.6486194748495451,0.37550692105536393,-0.11950051852814138,-0.2545622013701415,-0.9525761097613665,-0.696750286840419,0.10275374900298494,-0.7439834956031703,-0.797835498951643,0
-1.895699206569995,1.6092137829404223,1.4049339943535577,0.2225959561132528,-0.2545622013701412,-0.536889036640227,-0.3811704705256198,0.617109052742979,-0.806182944563413,-1.2830543434418051,0
-0.49168310802722937,-1.3686285721412967,-0.7825985364051036,0.2225959561132528,0.4794330367699258,-0.6576414377130801,-0.696750286840419,-1.0138214305505537,-0.4701637334454743,-0.019279364847833054,0
0.30189120854042073,0.36044118242228207,-1.940703993865571,-2.1720793663765074,-1.008395148649129,1.6091172571025312,1.5741961725876463,-2.0381950033812273,0.18278688679620708,1.937547954409007,0
-0.3085505734346947,-0.9843908489049454,-0.7825985364051036,-0.46159699316953556,1.947423513050059,-0.9525761097613665,-1.236237546153186,-0.6832570670625924,-0.8714176888901592,-1.210505045469718,0
-1.7125666719774604,0.6486194748495451,1.79096914684038,2.617271278603013,1.2134282749099927,-1.1394940782745802,-1.236237546153186,-0.27622897112147776,-0.4215384826466778,-0.957632104718146,1
1.095465525108071,-0.8883314180958581,-0.7825985364051036,-0.46159699316953556,1.2134282749099927,-1.1394940782745802,-1.236237546153186,-0.6960771890396068,-0.806182944563413,-0.6133638557758704,0
0.4850237431329554,1.6092137829404223,-0.7825985364051036,-1.8299828917351126,-1.0591339047159838,2.632080042659526,2.3785643135771615,0.039392079808618426,0.021501593417950913,1.8589619407530869,0
0.5460679213304669,-0.31197483324133213,-0.3965633839182812,-0.46159699316953556,0.8464306558399592,-0.536889036640227,-0.696750286840419,0.47133341034951814,-1.2560621508068943,-1.1421037478939187,0
0.30189120854042073,0.8407383364677207,0.24682853689308965,-0.46159699316953556,2.681418751190126,-0.7945392191988058,-1.236237546153186,-0.4300690432033507,-0.8714176888901592,-0.15698247694777107,1
-1.9567433847675066,2.3776892294131247,2.305682683489477,0.9067889053960412,2.681418751190126,-0.7945392191988058,-1.236237546153186,-0.5469859229066875,-0.6276451920113814,-1.0774016709335537,1
-0.552727286224741,-0.5040936948595068,-0.010528231431458365,0.5646924307546474,0.11243541769989199,-0.7945392191988058,-0.696750286840419,-0.9407101157503635,-0.806182944563413,-0.7489839439970845,1
1.0344213469105594,0.8407383364677207,1.276255610191283,0.9067889053960412,0.11243541769989199,-0.7945392191988058,-0.696750286840419,-0.6578402163640393,0.2422209841300783,0.006457044618750136,0
0.30189120854042073,0.9367977672768089,1.4049339943535577,1.2488853800374358,0.11243541769989199,-0.7945392191988058,-0.696750286840419,-0.4300690432033507,-1.0122896539281165,-1.3602873926617205,0
0.17980285214539765,-1.176509710523121,-0.7825985364051036,-0.11950051852814138,0.4794330367699258,-0.6576414377130801,-0.696750286840419,-0.15247000369234243,-0.2430007300946456,-0.6133638557758704,1
1.217553881503094,0.6486194748495451,-0.26788499975600694,-0.8036934678109302,-1.1244824836102205,1.2004282348237463,1.3289636807295127,-0.45295746732602227,-0.2018575751205281,0.5001331463308902,0
-1.4073457809899026,1.8013326445585987,1.79096914684038,0.5646924307546474,-0.6949593442541814,0.4686673805774849,0.5559003373916788,0.8190209219065612,-0.5730642652862955,-0.957632104718146,0
0.7902446341205132,-0.4080342640504195,-0.13920661559373265,0.2225959561132528,0.4794330367699258,-0.6576414377130801,-0.696750286840419,-1.4034407873876453,0.505231899752699,0.03165159448079543,0
-0.7969039990147871,-0.4080342640504195,-0.13920661559373265,0.2225959561132528,1.947423513050059,-0.9525761097613665,-1.236237546153186,-0.6202606455140123,0.021501593417950913,-0.6133638557758704,1
-0.43063892982971785,0.5525600440404577,-0.13920661559373265,-0.8036934678109302,0.4794330367699258,-0.6576414377130801,-0.696750286840419,-0.5112495760002413,-0.5730642652862955,-0.957632104718146,1
-1.5294341373849256,-0.31197483324133213,-0.13920661559373265,-0.11950051852814138,-0.2545622013701415,-0.9525761097613665,-0.696750286840419,-0.3190896489000016,-1.5544155744107582,-1.5315357309487523,1
-0.7969039990147871,0.16832232080410647,-0.3965633839182812,-0.8036934678109302,-0.8230487093413694,2.772208871470442,2.363450914556069,0.47133341034951814,2.8439943787761783,1.0562477070512788,0
-0.0033296824471370015,0.36044118242228207,0.37550692105536393,0.2225959561132528,-1.44730446334775,0.3794624060783959,0.9217114910978825,0.686506136350188,-0.04888555433586733,0.03165159448079543,0
-1.2852574245948796,0.16832232080410647,0.24682853689308965,0.2225959561132528,0.11243541769989199,-0.7945392191988058,-0.696750286840419,-0.15247000369234243,0.27097579204906974,-0.7020486375163145,0
-1.4073457809899026,0.5525600440404577,0.8902204577044606,0.5646924307546474,0.2347679573899037,-0.33115933909102996,-0.3811704705256198,-1.1519194235642587,-1.3483088650460553,-0.957632104718146,1
-0.3085505734346947,-0.4080342640504195,0.11815015273081593,0.5646924307546474,1.947423513050059,-0.9525761097613665,-1.236237546153186,-1.9000970103675243,-0.12318505904281406,-0.4915608193750391,0
-1.6515224937799489,-0.8883314180958581,-0.7825985364051036,-0.46159699316953556,0.4794330367699258,-0.6576414377130801,-0.696750286840419,0.4101874783252427,0.8412511108706383,1.312645530811366,0
-0.18646221703967164,0.2643817516131947,-0.13920661559373265,-0.46159699316953556,0.4794330367699258,-0.6576414377130801,-0.696750286840419,-0.3961796119379421,-1.0122896539281165,-1.3602873926617205,1
0.30189120854042073,0.5525600440404577,-0.13920661559373265,-0.8036934678109302,-1.116208785273698,1.0423913442611852,1.2041664958515115,1.4317118334623022,0.7843469046127205,0.08050314943535393,0
0.9123329905155362,0.16832232080410647,0.7615420735421868,1.1462564376450175,-1.0114947907020855,1.4580784173823247,1.4611987504106496,0.6451328280170958,1.501777088683957,1.0667913604214856,0
-0.18646221703967164,-1.752866295377648,-1.5546688413787488,-0.8036934678109302,-0.9477799262802042,1.623065914010051,1.5528711237274806,0.5308152992569349,0.40614605533468606,0.9336879858853202,1
0.5460679213304669,0.7446789056586333,0.5041853052176383,-0.11950051852814138,-1.1050646201673617,2.7945454950443787,2.527916077233777,1.9637017719602865,0.15204881962399444,0.006457044618750136,1
-0.0033296824471370015,0.2643817516131947,0.7615420735421868,0.9067889053960412,0.11243541769989199,-0.7945392191988058,-0.696750286840419,-0.5711389259082069,-1.0122896539281165,0.25811691185927377,0
-0.7358598208172756,0.36044118242228207,-0.13920661559373265,-0.8036934678109302,-0.25456220137014085,0.33176959909175957,0.27829466666587765,-0.2868656078341066,0.3537061171130819,-0.24791457750111534,0
0.42397956493544386,0.16832232080410647,0.6328636893799126,0.9067889053960412,1.947423513050059,-0.9525761097613665,-1.236237546153186,-0.6832570670625924,-0.7439834956031703,-1.2830543434418051,0
-1.1631690681998563,1.3210354905131592,1.5336123785158315,0.9067889053960412,-0.8254473865901932,0.2817494120642714,0.4738966051019463,-0.3961796119379421,-0.6276451920113814,0.39447365563848413,0
1.0344213469105594,-0.11985597162315652,0.8902204577044606,1.9330783293202243,-0.2545622013701415,-0.24195436459194083,-0.1572630275276518,-0.3961796119379421,-0.013228853653207244,0.17260219002868188,0
-0.9800365336073218,-0.21591540243224389,-0.13920661559373265,-0.11950051852814138,-0.2545622013701415,-0.24195436459194083,-0.1572630275276518,-0.82859197459598,-0.8714176888901592,-0.901961745467393,0
-1.224213246397368,0.07226288999501909,1.0188988418667349,1.9330783293202243,0.11243541769989199,-0.7945392191988058,-0.696750286840419,-0.5112495760002413,2.1802349119994213,2.57195243856638,0
-1.1021248900023448,-0.31197483324133213,0.24682853689308965,0.5646924307546474,-0.2545622013701415,-0.24195436459194083,-0.1572630275276518,-0.583316252841294,0.662713358318606,-0.21682979302615188,0
-1.0410807118048333,-1.4646880029503841,-1.5546688413787488,-1.1457899424523244,1.947423513050059,-0.9525761097613665,-1.236237546153186,-1.1678163993147082,-0.7439834956031703,-1.2830543434418051,1
0.7902446341205132,-0.5040936948595068,0.5041853052176383,1.5909818546788297,-0.8968080347426998,0.1151333043431381,0.3822242317851153,-0.47608810149172776,0.5974786139918598,0.7013420821467301,0
-1.224213246397368,0.4565006132313703,1.6622907626781063,2.617271278603013,-0.2545622013701412,-0.536889036640227,-0.3811704705256198,-0.8422962485217396,-0.6276451920113814,-0.7489839439970845,1
1.2785980597006055,-1.3686285721412967,0.24682853689308965,3.301464227885801,-0.2545622013701415,-0.9525761097613665,-0.696750286840419,-1.8559374371178068,-1.0887131416627096,1.3791458003207087,0
-0.7969039990147871,0.9367977672768089,-0.010528231431458365,-0.8036934678109302,0.11243541769989199,-0.7945392191988058,-0.696750286840419,-0.46449218818917914,-0.7439834956031703,-0.09998613759883226,0
0.1187586739478861,0.8407383364677207,1.5336123785158315,1.5909818546788297,0.8464306558399592,-0.536889036640227,-0.696750286840419,-0.4300690432033507,-0.013228853653207244,-0.797835498951643,0
-1.468389959187414,-0.02379654081406829,0.5041853052176383,0.9067889053960412,-0.009897121990118739,-0.4288723331051544,-0.3811704705256198,-1.0894630451391465,-0.4701637334454743,-0.957632104718146,0
-1.4073457809899026,-0.8883314180958581,-0.010528231431458365,0.9067889053960412,-0.4747607728121611,0.5894197816503383,0.5559003373916788,-0.82859197459598,1.0151382603522974,1.196021030574876,0
-0.18646221703967164,-1.176509710523121,-1.2973120730542003,-1.1457899424523244,-0.8800088479542827,3.075016838685832,2.620959932127746,0.43331811249094826,0.7044994789385498,1.2239607490709226,0
-0.6137714644222525,0.7446789056586333,0.11815015273081593,-0.46159699316953556,0.4794330367699258,-0.6576414377130801,-0.696750286840419,0.38680945300640895,-0.8714176888901592,-0.7489839439970845,0
1.217553881503094,-1.176509710523121,-1.1686336888919258,-0.8036934678109302,-0.7438923601301857,-0.08391747402938003,0.1583167887871472,0.23264291919125535,-0.4215384826466778,-0.797835498951643,0
-0.3695947516322063,0.9367977672768089,1.5336123785158315,1.5225625597505508,-0.9070024130502007,0.2291629897351424,0.4738966051019463,-0.5711389259082069,0.1205874378359638,0.3379262740573992,0
1.339642237898117,0.7446789056586333,-0.13920661559373265,-0.8036934678109302,-0.9885574395102081,0.3794624060783959,0.6300817365653792,-0.3628075968262392,0.1205874378359638,-0.21682979302615188,0
-0.0033296824471370015,-1.2725691413322093,-1.0399553047296521,-0.46159699316953556,-1.247614582383173,0.6267042711400458,0.9688965796157355,0.25771957508254895,0.5288970668294349,0.39447365563848413,0
0.66815627772549,-0.7922719872867707,-0.9112769205673779,-0.8036934678109302,-0.9802165845313439,2.517136215015512,2.2485435145036807,0.048556975965414396,0.15204881962399444,1.646181000043069,0
0.17980285214539765,-0.21591540243224389,-0.010528231431458365,0.2225959561132528,0.8464306558399592,-0.536889036640227,-0.696750286840419,-0.6578402163640393,-0.5206243270646913,-0.6568849034037559,1
0.3629353867379323,1.6092137829404223,1.9196475310026537,1.2488853800374358,0.4794330367699258,-0.6576414377130801,-0.696750286840419,-0.6327155198452402,0.29912519038799606,-0.901961745467393,0
-0.43063892982971785,0.9367977672768089,1.5336123785158315,1.5225625597505508,0.4794330367699258,-0.6576414377130801,-0.696750286840419,0.12052477803687184,0.48114031040007144,0.8102077285846053,0
0.057714495750374545,0.8407383364677207,0.8902204577044606,0.5646924307546474,0.4794330367699258,-0.6576414377130801,-0.696750286840419,-0.82859197459598,-0.2854502330327036,-0.1865320502870064,0
0.6071120995279785,0.36044118242228207,0.37550692105536393,0.2225959561132528,0.11243541769989199,-0.7945392191988058,-0.696750286840419,0.47133341034951814,0.4316143879372186,0.25811691185927377,0
0.30189120854042073,0.36044118242228207,0.5041853052176383,0.2225959561132528,-0.37689474106015225,0.1151333043431381,0.1583167887871472,1.332339060962268,-0.4215384826466778,-0.4535672500093667,1
0.17980285214539765,-0.5040936948595068,-0.7825985364051036,-0.8036934678109302,-0.009897121990118739,-0.4288723331051544,-0.3811704705256198,0.617109052742979,-0.04888555433586733,0.2161232376565675,1
1.6448631288856748,-0.11985597162315652,0.11815015273081593,0.2225959561132528,1.947423513050059,-0.9525761097613665,-1.236237546153186,-1.8126523685931455,-0.2854502330327036,-0.34632865605351,0
1.4006864160956287,0.07226288999501909,1.1475772260290091,2.275174803961619,0.18583494151389907,0.17373270852919875,0.016413078078911694,-0.9551380528282801,-1.0122896539281165,-0.901961745467393,0
-0.43063892982971785,0.6486194748495451,1.4049339943535577,1.5909818546788297,2.681418751190126,-0.7945392191988058,-1.236237546153186,-0.9407101157503635,1.139604534474502,-0.957632104718146,1
-0.43063892982971785,0.7446789056586333,0.6328636893799126,0.2225959561132528,-1.2087560109522282,0.1151333043431381,0.5559003373916788,-0.5711389259082069,-1.0122896539281165,-0.3810179520372802,0
-1.1631690681998563,0.5525600440404577,0.5041853052176383,0.2225959561132528,0.8464306558399592,-0.536889036640227,-0.696750286840419,-0.9121368391876138,-1.1697711124940229,-1.6273225923840806,1
-1.6515224937799489,0.07226288999501909,0.5041853052176383,0.7699503155394833,0.4794330367699258,-0.6576414377130801,-0.696750286840419,-0.3517958630528177,-0.16194275926333285,-0.4915608193750391,1
1.5227747724906517,-0.6962125564776824,-0.010528231431458365,0.5646924307546474,0.039035893885885554,0.1151333043431381,0.016413078078911694,1.1742587847745292,0.505231899752699,-0.07247465203495475,0
1.217553881503094,-0.6962125564776824,-2.0693823780278455,-2.00103112905581,-0.8417583918821946,-0.33115933909102996,0.016413078078911694,2.353321128797378,-1.1697711124940229,-0.019279364847833054,0
0.9123329905155362,-2.425282311041262,-1.812025609703297,-0.8036934678109302,0.18583494151389907,0.17373270852919875,0.016413078078911694,-0.32993743558681815,0.21283415207512463,-0.7489839439970845,0
-0.6137714644222525,0.07226288999501909,0.11815015273081593,-0.11950051852814138,-0.2545622013701412,0.17373270852919875,0.1583167887871472,0.3552446513346702,0.29912519038799606,1.6000216777564684,0
-1.1021248900023448,-2.6174011726594366,-1.940703993865571,-0.5984355830260935,-0.2545622013701415,-0.9525761097613665,-0.696750286840419,-0.8149730861086609,-0.4701637334454743,-0.6133638557758704,0
1.1565097033055824,0.7446789056586333,-0.6539201522428293,-1.4878864170937185,-0.4013612489981547,-0.08391747402938003,0.016413078078911694,0.5308152992569349,-0.2854502330327036,0.687010211253586,0
-1.4073457809899026,0.2643817516131947,0.7615420735421868,0.9067889053960412,-0.2545622013701412,-0.536889036640227,-0.3811704705256198,-0.583316252841294,-1.0122896539281165,-0.957632104718146,0
-1.895699206569995,0.2643817516131947,1.0188988418667349,1.5909818546788297,-0.4013612489981547,-0.08391747402938003,0.016413078078911694,0.3070259784391384,0.5521506448511324,-0.045581454739119925,0
-0.1254180388421601,1.5131543521313349,1.1475772260290091,0.2225959561132528,-0.8662248998201968,-0.15989374282167668,0.1583167887871472,-0.8979890582031889,-1.2560621508068943,-1.0160191437194448,0
-0.0033296824471370015,-0.6001531256685951,-0.26788499975600694,0.2225959561132528,1.947423513050059,-0.9525761097613665,-1.236237546153186,-0.3849988994213563,-0.374619737548245,-0.5308002992292821,0
-0.43063892982971785,1.3210354905131592,1.79096914684038,1.2488853800374358,-1.2221013789184114,0.9124441688406254,1.1695689958781463,-0.17261599451557955,2.0589261676101556,1.9170910987241505,0
-0.0033296824471370015,-1.8489257261867353,-1.1686336888919258,-0.11950051852814138,0.11243541769989199,-0.7945392191988058,-0.696750286840419,-0.9263767887761749,0.08836787795291937,-0.12814501128570818,1
-2.017787562965018,0.7446789056586333,0.7615420735421868,0.2225959561132528,1.2134282749099927,-0.4288723331051544,-0.696750286840419,2.4560193183844268,1.8835858188171926,1.0020892834611208,0
-0.552727286224741,-0.4080342640504195,-1.1686336888919258,-1.4878864170937185,0.4794330367699258,-0.6576414377130801,-0.696750286840419,-0.8560869853153783,-0.374619737548245,-0.21682979302615188,0
1.2785980597006055,1.3210354905131592,-0.6539201522428293,-1.4878864170937185,-0.9626517252229118,2.4937018125877266,2.2215472038478334,1.1076803018559112,2.013340603432559,2.4659255953009875,0
-0.7969039990147871,0.16832232080410647,-0.9112769205673779,-1.4878864170937185,-0.976324185541207,2.127187995039298,1.9504546723320122,1.7266217882490313,0.29912519038799606,0.8102077285846053,0
-0.9189923554098103,1.4170949213222475,1.79096914684038,1.2488853800374358,0.4794330367699258,-0.6576414377130801,-0.696750286840419,-0.8560869853153783,-0.5730642652862955,-0.901961745467393,1
-1.5904783155824374,1.5131543521313349,1.9196475310026537,1.2488853800374358,-1.172056249045225,-0.08391747402938003,0.3822242317851153,-0.5955618004491925,-1.447394709464068,-0.7020486375163145,0
0.2408470303429092,-0.6962125564776824,-0.13920661559373265,0.5646924307546474,-0.009897121990118739,0.2817494120642714,0.1583167887871472,-0.24462613824405455,0.29912519038799606,-0.4535672500093667,0
-1.4073457809899026,1.4170949213222475,0.8902204577044606,-0.11950051852814138,0.4794330367699258,-0.6576414377130801,-0.696750286840419,0.5454362536453318,0.5288970668294349,-0.1865320502870064,0
-0.7969039990147871,-0.4080342640504195,-0.26788499975600694,-0.016871576135723005,0.11243541769989199,-0.7945392191988058,-0.696750286840419,0.36317868738190917,1.306953543618686,1.6780948090861216,0
1.2785980597006055,-1.0804502797140336,-1.2973120730542003,-1.1457899424523244,-0.009897121990118739,-0.4288723331051544,-0.3811704705256198,-0.45295746732602227,-0.329291768407517,0.17260219002868188,0
-0.18646221703967164,-0.9843908489049454,-1.4259904572164745,-1.4878864170937185,-1.104017364610893,2.4389297724751517,2.257338134558938,0.10275374900298494,0.505231899752699,0.7433357563494364,0
-1.7736108501749719,0.6486194748495451,1.1475772260290091,0.9067889053960412,-1.0780690539175333,1.663808114931522,1.6540935014438454,0.2988850955423793,2.2914471503933096,1.5308291755791685,0
-0.7358598208172756,-0.9843908489049454,-0.13920661559373265,1.0778371427167386,-0.9885574395102081,0.2817494120642714,0.5559003373916788,0.2157638814087294,2.166521488864171,1.4110596093637613,0
-0.7969039990147871,-0.31197483324133213,-0.13920661559373265,0.08575736625669499,0.11243541769989199,-0.7945392191988058,-0.696750286840419,-0.7613305282188685,-0.2854502330327036,-0.5713701815731645,0
0.6071120995279785,-1.2725691413322093,-1.6833472255410227,-1.4878864170937185,-0.8417583918821949,0.795149479199535,0.8714801537064779,-0.1929493925949957,0.4566066489539025,1.4110596093637613,0
0.7902446341205132,0.2643817516131947,0.11815015273081593,-0.11950051852814138,2.681418751190126,-0.7945392191988058,-1.236237546153186,-0.6705116984082411,-0.4701637334454743,-0.901961745467393,1
0.2408470303429092,0.5525600440404577,1.5336123785158315,1.9330783293202243,-0.8417583918821946,-0.33115933909102996,0.016413078078911694,-0.8422962485217396,-0.329291768407517,-0.4915608193750391,0
-1.6515224937799489,0.4565006132313703,1.1475772260290091,1.2488853800374358,0.4794330367699258,-0.6576414377130801,-0.696750286840419,-0.05443453593339491,0.48114031040007144,0.17260219002868188,0
1.2785980597006055,0.6486194748495451,1.276255610191283,1.4541432648222725,-0.8417583918821946,-0.33115933909102996,0.016413078078911694,-0.7349949743309494,-1.447394709464068,0.2161232376565675,0
1.6448631288856748,0.8407383364677207,0.7615420735421868,0.2225959561132528,0.11243541769989199,-0.7945392191988058,-0.696750286840419,-0.5112495760002413,-1.1697711124940229,-0.901961745467393,0
-0.552727286224741,0.6486194748495451,1.0188988418667349,0.9067889053960412,0.039035893885885554,0.1151333043431381,0.016413078078911694,-0.2868656078341066,-0.08551927152873913,-0.3810179520372802,0
-1.0410807118048333,0.5525600440404577,0.5041853052176383,0.2225959561132528,-0.2545622013701415,-0.9525761097613665,-0.696750286840419,-0.8422962485217396,-1.2560621508068943,-1.2830543434418051,0
-0.0033296824471370015,-0.11985597162315652,-1.2973120730542003,-1.4878864170937185,-0.8968080347426998,0.1151333043431381,0.3822242317851153,0.6520829913643595,-1.5544155744107582,-0.24791457750111534,0
-0.552727286224741,0.16832232080410647,-0.010528231431458365,-0.46159699316953556,0.4794330367699258,-0.6576414377130801,-0.696750286840419,2.2354936785617645,0.8035853233565627,1.295426573074767,1
-0.43063892982971785,-0.4080342640504195,-0.13920661559373265,0.2225959561132528,-0.6739880517358935,0.1151333043431381,0.27829466666587765,2.844894036623161,1.1246653060416276,0.03165159448079543,0
1.0344213469105594,-1.3686285721412967,-1.2973120730542003,2.6856905735312915,-0.7089402059330397,1.2211402618416232,1.1333617422934439,-1.7913270820676457,-1.0122896539281165,-0.1865320502870064,0
1.217553881503094,-1.0804502797140336,-0.3965633839182812,0.5646924307546474,2.681418751190126,-0.7945392191988058,-1.236237546153186,1.1300992115248116,-0.8714176888901592,-0.5308002992292821,0
1.8279956634782095,-0.8883314180958581,-1.6833472255410227,-1.5563057120219974,-1.180034458155443,1.702992902403123,1.7436537551642788,1.0963840259074793,-0.329291768407517,-0.7489839439970845,0
1.8279956634782095,-0.5040936948595068,-0.6539201522428293,-0.8036934678109302,0.11243541769989199,-0.08391747402938003,-0.1572630275276518,-0.18275904998389988,0.3537061171130819,-0.5308002992292821,0
0.6071120995279785,0.6486194748495451,-1.2973120730542003,-1.8299828917351126,-1.3428999682674818,1.0900841512478217,1.3845813067016968,-0.035344244010718145,-1.3483088650460553,-0.7489839439970845,0
1.0344213469105594,1.7052732137495097,0.11815015273081593,-1.1457899424523244,0.11243541769989199,-0.7945392191988058,-0.696750286840419,-0.801438525644777,-1.5544155744107582,-1.210505045469718,0
1.8279956634782095,-1.9449851569958228,-1.4259904572164745,-0.46159699316953556,0.4794330367699258,-0.6576414377130801,-0.696750286840419,-0.2868656078341066,-0.4701637334454743,-0.797835498951643,1
-0.3085505734346947,1.4170949213222475,-0.525241768080555,-1.4878864170937185,-1.2211898100682623,3.0850516052703734,2.818386761420079,0.43331811249094826,1.4079106927994476,1.6526322119799992,0
0.057714495750374545,-2.7134606034685245,-2.712774298839216,-2.1720793663765074,0.11243541769989199,-0.08391747402938003,-0.1572630275276518,0.5308152992569349,3.4562234975483945,3.0991992588548416,1
2.011128198070744,-0.11985597162315652,-0.010528231431458365,-0.11950051852814138,-0.009897121990118739,-0.4288723331051544,-0.3811704705256198,-0.9407101157503635,-0.4215384826466778,0.4831584373789278,0
-0.0033296824471370015,-1.2725691413322093,-0.6539201522428293,0.2225959561132528,-0.8551037598483779,0.4686673805774849,0.6300817365653792,-0.7219452368769522,-0.2018575751205281,0.08050314943535393,0
0.2408470303429092,0.16832232080410647,-0.26788499975600694,-0.8036934678109302,1.947423513050059,-0.9525761097613665,-1.236237546153186,-0.5112495760002413,-1.0887131416627096,-0.7020486375163145,1
-0.1254180388421601,0.9367977672768089,0.5041853052176383,2.959367753244407,-0.2545622013701412,-0.536889036640227,-0.3811704705256198,-1.1204681682695814,-1.5544155744107582,-0.5713701815731645,1
-0.2475063952371832,1.5131543521313349,1.1475772260290091,0.2225959561132528,-0.9320962673455875,0.5894197816503383,0.7601025356388602,1.986431521295686,1.7493212299106686,0.44846914139515864,0
1.8279956634782095,-1.0804502797140336,-1.1686336888919258,-0.8036934678109302,-1.2495335241822318,2.333687659179477,2.266034488646811,3.2203946126696996,0.8225508475112911,-0.12814501128570818,0
0.9123329905155362,-0.9843908489049454,-0.525241768080555,0.2225959561132528,-0.8662248998201968,0.550728002347749,0.6978040480999144,-0.6832570670625924,0.1205874378359638,-0.2798283865441675,0
-1.2852574245948796,0.9367977672768089,1.276255610191283,0.9067889053960412,0.8464306558399592,-0.536889036640227,-0.696750286840419,-0.3961796119379421,0.05535269350921817,-0.34632865605351,1
-0.552727286224741,-0.4080342640504195,-1.1686336888919258,-1.4878864170937185,0.4794330367699258,-0.6576414377130801,-0.696750286840419,-0.8560869853153783,-0.374619737548245,-0.21682979302615188,0
0.6071120995279785,-0.5040936948595068,-0.525241768080555,-0.46159699316953556,0.8464306558399592,-0.536889036640227,-0.696750286840419,-0.45295746732602227,-0.5730642652862955,-0.6133638557758704,0
0.9123329905155362,0.36044118242228207,-0.010528231431458365,-0.46159699316953556,-0.823408510928693,1.8122903187439772,1.6348748560172128,3.064991402990655,-0.2018575751205281,-0.4535672500093667,0
-1.6515224937799489,-0.8883314180958581,-0.7825985364051036,-0.46159699316953556,0.4794330367699258,-0.6576414377130801,-0.696750286840419,0.4101874783252427,0.8412511108706383,1.312645530811366,0
-0.3085505734346947,0.5525600440404577,-0.26788499975600694,-0.8036934678109302,-0.9885574395102081,0.8843544536986244,1.0133838644147135,0.43331811249094826,0.3537061171130819,0.29868679420315575,0
1.5227747724906517,-0.21591540243224389,0.8902204577044606,2.2067555090333397,-0.7438923601301857,-0.08391747402938003,0.1583167887871472,-1.028741792450017,-1.5544155744107582,-0.797835498951643,0
-0.43063892982971785,-0.7922719872867707,-0.13920661559373265,-0.46159699316953556,-0.8662248998201968,0.550728002347749,0.6978040480999144,1.2282325031120613,0.5750067062845808,0.23730426698904733,1
0.9123329905155362,0.4565006132313703,0.24682853689308965,-0.11950051852814138,-1.1283660562987923,2.7767152983645595,2.527916077233777,3.0924288912549884,0.4316143879372186,-0.15698247694777107,0
0.30189120854042073,0.9367977672768089,1.276255610191283,1.2488853800374358,0.4794330367699258,-0.6576414377130801,-0.696750286840419,-0.9407101157503635,-0.374619737548245,-0.5308002992292821,0
-0.0033296824471370015,-0.11985597162315652,0.11815015273081593,0.2225959561132528,0.4794330367699258,-0.6576414377130801,-0.696750286840419,-1.1204681682695814,-0.6276451920113814,-1.0160191437194448,0
1.0344213469105594,1.0328571980858963,0.11815015273081593,-0.6668548779543724,-1.0019028074763912,2.0201122832799734,1.882732360797477,2.3943558630143684,0.6837696523047312,0.9099902428677917,0
0.5460679213304669,0.5525600440404577,0.11815015273081593,-0.46159699316953556,-1.194993600237102,1.3188532558557475,1.4611987504106496,0.8823825911009276,0.7450191566177463,-0.12814501128570818,1
1.0344213469105594,-0.02379654081406829,-0.010528231431458365,-0.11950051852814138,-0.7928253760061903,1.5363767946819895,1.4109674130192449,1.8383154562433048,1.4789210272505098,0.4127441924552074,0
0.9733771687130478,0.2643817516131947,0.8902204577044606,1.2488853800374358,-0.6215598204401747,-0.013185259984014874,0.1583167887871472,-0.3849988994213563,0.619579068151889,0.7155043411175189,0
1.766951485280698,-1.3686285721412967,-1.4259904572164745,-1.1457899424523244,1.947423513050059,-0.9525761097613665,-1.236237546153186,0.33126827348221993,-0.6276451920113814,0.8858137253225022,0
-0.8579481772122987,1.1289166288949837,1.1475772260290091,0.5646924307546474,0.4794330367699258,-0.6576414377130801,-0.696750286840419,-0.18275904998389988,-1.2560621508068943,-0.957632104718146,1
-1.9567433847675066,0.9367977672768089,1.1475772260290091,0.5646924307546474,0.11243541769989199,-0.7945392191988058,-0.696750286840419,0.8823825911009276,-1.0887131416627096,-0.797835498951643,1
-0.7358598208172756,0.8407383364677207,0.5041853052176383,-0.05108122359986246,-0.10776315374212765,0.05298030745634551,0.016413078078911694,-0.7613305282188685,-1.2560621508068943,-0.8487664582802714,0
0.9123329905155362,-0.8883314180958581,-1.2973120730542003,-1.1457899424523244,-0.8088035036391714,2.0294750010251734,1.7928268794849416,2.548287013015841,1.7303557057559402,2.4091678239661647,0
-0.9189923554098103,-0.7922719872867707,-0.525241768080555,-0.11950051852814138,0.4794330367699258,0.05298030745634551,-0.1572630275276518,0.766975021889897,1.0473578202353413,1.3040670215586678,0
-0.8579481772122987,0.36044118242228207,0.37550692105536393,0.2225959561132528,-0.5481602966261679,-0.15989374282167668,0.016413078078911694,-0.5230968924350594,-0.374619737548245,-0.4535672500093667,0
-0.49168310802722937,-0.6962125564776824,-0.26788499975600694,0.2225959561132528,-0.8050586299751914,0.17373270852919875,0.3822242317851153,-1.0437647005966497,0.6413201493666738,0.25811691185927377,0
1.6448631288856748,-0.21591540243224389,-0.13920661559373265,-0.016871576135723005,-0.8968080347426998,0.1151333043431381,0.3822242317851153,-0.34083932617163876,-0.4215384826466778,-0.2798283865441675,0
1.0344213469105594,-1.4646880029503841,-0.6539201522428293,0.5646924307546474,1.947423513050059,-0.9525761097613665,-1.236237546153186,-0.82859197459598,0.1205874378359638,1.0240476411198434,0
0.7902446341205132,0.5525600440404577,1.1475772260290091,1.2488853800374358,0.4794330367699258,-0.6576414377130801,-0.696750286840419,-1.2824551917549125,-0.6276451920113814,-0.7489839439970845,1
-1.1631690681998563,-2.7134606034685245,-2.8414526830014903,-2.1720793663765074,-0.8968080347426998,1.5363767946819895,1.4611987504106496,-1.1204681682695814,-0.04888555433586733,-1.0774016709335537,0
0.4850237431329554,-1.5607474337594722,-1.5546688413787488,-1.1457899424523244,2.681418751190126,-0.7945392191988058,-1.236237546153186,-0.5469859229066875,-0.8714176888901592,-0.41674290097723043,1
-0.49168310802722937,2.9540458142676504,2.305682683489477,0.2225959561132528,0.11243541769989199,-0.7945392191988058,-0.696750286840419,0.011664546932613465,1.2258955727873735,0.17260219002868188,0
-1.4073457809899026,-0.21591540243224389,-0.3965633839182812,-0.46159699316953556,-0.9197453859345769,1.5211882136551338,1.4611987504106496,2.8218716812770706,1.8577898990429291,1.996900460922275,1
-0.2475063952371832,0.4565006132313703,0.37550692105536393,0.11996701372083445,-0.6949593442541814,-0.24195436459194083,0.016413078078911694,0.11165732355852272,-0.16194275926333285,-0.12814501128570818,0
1.217553881503094,-0.9843908489049454,-0.26788499975600694,0.5646924307546474,0.4794330367699258,-0.6576414377130801,-0.696750286840419,-0.32993743558681815,-1.0122896539281165,-0.901961745467393,0
-1.468389959187414,0.36044118242228207,0.5041853052176383,0.2225959561132528,0.4794330367699258,-0.6576414377130801,-0.696750286840419,-0.5350087722209247,-0.2018575751205281,0.23730426698904733,0
-0.3085505734346947,0.36044118242228207,-0.010528231431458365,-0.46159699316953556,-0.2545622013701412,-0.536889036640227,-0.3811704705256198,0.4938292301548115,2.405691409649887,1.982336018477301,1
-0.18646221703967164,1.6092137829404223,1.1475772260290091,-0.11950051852814138,1.2134282749099927,-1.1394940782745802,-1.236237546153186,-0.801438525644777,1.866443955369915,1.0020892834611208,1
0.7902446341205132,-0.21591540243224389,-0.010528231431458365,0.2225959561132528,0.4794330367699258,-0.6576414377130801,-0.696750286840419,0.5308152992569349,-0.2018575751205281,0.27857376754413143,0
-0.7358598208172756,1.5131543521313349,1.1475772260290091,0.2225959561132528,-0.8050586299751914,0.17373270852919875,0.3822242317851153,-0.3849988994213563,-0.5730642652862955,-0.901961745467393,0
0.7292004559230015,-1.176509710523121,-0.26788499975600694,0.9067889053960412,-0.009897121990118739,-0.4288723331051544,-0.3811704705256198,-0.48774585995763714,-0.9399992360525846,-0.8487664582802714,0
1.6448631288856748,-0.4080342640504195,-0.13920661559373265,0.2225959561132528,0.4794330367699258,-0.6576414377130801,-0.696750286840419,-0.9990022244245826,-0.6845493982692991,-0.34632865605351,0
-1.1631690681998563,1.7052732137495097,1.276255610191283,0.2225959561132528,-0.7133092252076834,0.2291629897351424,0.3822242317851153,-0.5711389259082069,-0.7439834956031703,-1.0774016709335537,0
-0.8579481772122987,1.4170949213222475,0.8902204577044606,-0.11950051852814138,0.2347679573899037,-0.33115933909102996,-0.3811704705256198,-0.45295746732602227,-0.5206243270646913,-1.3602873926617205,1
0.9123329905155362,0.36044118242228207,-0.26788499975600694,-0.8036934678109302,-0.8662248998201968,1.2613497475171749,1.2372913074126815,-0.7219452368769522,1.5894837407179834,1.7513848665471508,0
0.9123329905155362,-2.329222880232174,-1.940703993865571,-1.1457899424523244,-0.9151579156962014,0.33176959909175957,0.5559003373916788,-0.4414832964574982,1.4556674492288124,1.9920653152892525,0
0.9123329905155362,-1.4646880029503841,-0.7825985364051036,0.2225959561132528,-0.9885574395102081,-0.08391747402938003,0.27829466666587765,-0.8422962485217396,-1.7981880712895366,-1.6273225923840806,1
1.217553881503094,-0.5040936948595068,0.11815015273081593,0.8383696104677623,3.4154139893301934,-0.6576414377130801,-1.236237546153186,-1.028741792450017,-1.0887131416627096,-0.5713701815731645,0
-1.468389959187414,0.8407383364677207,1.276255610191283,0.9067889053960412,0.11243541769989199,-0.7945392191988058,-0.696750286840419,-0.22380860440524994,-1.3483088650460553,-0.8487664582802714,0
0.2408470303429092,-1.3686285721412967,-0.9112769205673779,-0.11950051852814138,1.947423513050059,-0.9525761097613665,-1.236237546153186,-0.15247000369234243,0.3537061171130819,0.15023337209628024,0
-2.5061409885451105,0.07226288999501909,0.11815015273081593,-0.11950051852814138,0.4794330367699258,-0.6576414377130801,-0.696750286840419,1.479753866935448,1.8403119111455475,1.9119217735535805,0
-0.674815642619764,-0.7922719872867707,-0.525241768080555,-0.11950051852814138,-0.7243191537797838,1.3908273967249467,1.2690637023110096,0.47133341034951814,0.21283415207512463,1.9222381901693728,0
1.5227747724906517,-0.31197483324133213,-0.3965633839182812,-0.46159699316953556,-0.07106339183512443,-0.15989374282167668,-0.1572630275276518,0.9317818581048739,-0.9399992360525846,-1.4428509492083086,0
-0.0033296824471370015,-0.7922719872867707,-0.26788499975600694,0.2225959561132528,-0.7438923601301857,0.8554733757479719,0.8714801537064779,-0.46449218818917914,0.662713358318606,0.7433357563494364,1
-0.43063892982971785,-0.31197483324133213,-0.010528231431458365,0.3252248985056712,0.4794330367699258,-0.6576414377130801,-0.696750286840419,-1.0437647005966497,-0.9399992360525846,-0.8487664582802714,1
0.7292004559230015,-0.5040936948595068,-0.525241768080555,-0.46159699316953556,1.947423513050059,-0.9525761097613665,-1.236237546153186,-0.23419258845261098,0.38018316121930934,0.27857376754413143,0
1.095465525108071,-0.4080342640504195,1.0188988418667349,3.1304159905651043,0.8464306558399592,-0.536889036640227,-0.696750286840419,-0.4074178090902568,0.40614605533468606,-0.045581454739119925,0
-0.674815642619764,2.0895109369858607,2.0483259151649285,0.9067889053960412,0.4794330367699258,-0.6576414377130801,-0.696750286840419,-0.4300690432033507,-1.2560621508068943,-1.6273225923840806,1
0.9123329905155362,0.5525600440404577,0.5041853052176383,0.2225959561132528,0.11243541769989199,-0.7945392191988058,-0.696750286840419,-0.6832570670625924,-0.2854502330327036,-0.7020486375163145,0
0.2408470303429092,0.4565006132313703,-0.13920661559373265,-0.8036934678109302,-1.0934139021016465,0.9664150754688885,1.1333617422934439,-0.46449218818917914,0.7044994789385498,1.6200226488963159,0
-0.6137714644222525,-0.02379654081406829,0.6328636893799126,0.9067889053960412,0.8464306558399592,-0.536889036640227,-0.696750286840419,-0.45295746732602227,-0.5730642652862955,-1.0160191437194448,0
-1.0410807118048333,0.36044118242228207,1.276255610191283,1.9672879767843636,0.4794330367699258,-0.6576414377130801,-0.696750286840419,0.6100466086954908,0.48114031040007144,-0.8487664582802714,1
1.766951485280698,-0.02379654081406829,0.37550692105536393,0.5646924307546474,-0.009897121990118739,-0.4288723331051544,-0.3811704705256198,-0.6327155198452402,-0.329291768407517,-0.4535672500093667,0
1.6448631288856748,0.8407383364677207,-0.9112769205673779,-1.8299828917351126,-1.0252572014172114,0.9664150754688885,1.095387596704446,-0.3961796119379421,-0.4701637334454743,0.27857376754413143,0
1.8279956634782095,-1.2725691413322093,-1.6833472255410227,-1.4878864170937185,-0.9004780109334001,1.9914999015614194,1.8085509616237763,1.917520662700184,-0.04888555433586733,-0.5713701815731645,0
1.2785980597006055,0.4565006132313703,-1.4259904572164745,-1.8299828917351126,-0.8533477903791429,2.451356718175724,2.1344397444593257,0.6520829913643595,2.4114421584495993,2.5201128747781105,0
-0.674815642619764,0.07226288999501909,-0.3965633839182812,-0.8036934678109302,-1.1633182104959383,0.9124441688406254,1.1333617422934439,1.617851859949153,1.4673447901333194,0.7971289435820585,0
2.7436583364408826,0.4565006132313703,-0.13920661559373265,-0.8036934678109302,0.2347679573899037,-0.33115933909102996,-0.3811704705256198,-0.18275904998389988,0.2422209841300783,1.26022706735563,0
-0.0033296824471370015,-1.8489257261867353,-2.19806076219012,-1.6589346544144157,0.11243541769989199,-0.7945392191988058,-0.696750286840419,-0.7746182562584478,-0.806182944563413,0.15023337209628024,1
-1.6515224937799489,0.36044118242228207,0.6328636893799126,0.5646924307546474,-0.5691315891444555,0.17373270852919875,0.27829466666587765,-0.5955618004491925,-0.12318505904281406,-0.31261665446148024,0
0.2408470303429092,0.5525600440404577,1.5336123785158315,1.9330783293202243,0.4794330367699258,-0.6576414377130801,-0.696750286840419,-0.3628075968262392,-0.6845493982692991,-1.0160191437194448,1
0.3629353867379323,0.8407383364677207,-0.6539201522428293,-1.3168381797730213,-0.8417583918821946,0.3794624060783959,0.5559003373916788,2.0966645182787818,-1.0887131416627096,-0.6133638557758704,0
-0.0033296824471370015,0.7446789056586333,0.8902204577044606,0.5989020782187868,-0.4380610109051579,-0.33115933909102996,-0.1572630275276518,-2.0381950033812273,1.1543786851820312,1.6654312314836268,0
-2.2619642757550644,1.0328571980858963,0.37550692105536393,-0.46159699316953556,0.8464306558399592,-0.536889036640227,-0.696750286840419,1.1797165267638754,-0.5730642652862955,0.25811691185927377,1
