11.816153780084738,15.952927852462796,32.553605325740875,26.18565535106209,13.847267049688734,5.593230061446623,0.5794693712026603,0,0
8.428969089478558,11.247551423747355,26.634227760813165,22.654653953304916,11.635468851213076,5.40800648803879,1.1089434465355639,0,0
5.942220689206372,5.5028350746760974,14.505496781092882,15.411591832561623,7.83990704359038,3.2168177807180087,1.5051028537678361,0,0
9.029676839351678,13.530808433354835,28.29528916709214,23.627308881903513,12.915325431564659,5.159229200715441,1.7913059055306495,1,0
13.13314674151935,17.474044788640473,37.272856002084005,29.53639461172965,14.37730395132156,6.67310287869937,-0.6992450732086889,1,0
9.74276908756554,9.591534392454827,22.46303755364739,20.027830023040334,10.67668675620675,4.153756271732896,0.09805011508398113,0,0
6.180230798653047,7.736886550640255,16.74766950574365,16.215812764478994,8.047037946589905,3.169796880886076,1.7239447246150854,1,0
12.635255620392764,18.435934567506973,39.39418143912537,30.857233326197136,16.43481428833708,7.059125442733401,0.6533007000267125,0,0
15.259467921089588,26.51391966819058,50.78318275573746,37.35695865227972,20.06729283585501,8.24513928446134,1.2171548979403832,0,0
7.15819881720583,7.318318032662002,16.610090920441742,16.328385112629118,8.233422093829795,3.1840595405070324,1.0792611157047647,0,0
12.032464893263699,15.419261037317602,32.26332146376642,27.171745356076435,13.693469386809868,5.572739248982006,0.4402444415454739,0,0
9.911583905567992,17.436234394318266,34.31286374603565,27.337899164054193,13.438446960628857,6.081047805200042,1.5484456839965408,0,0
4.766995243540409,5.0352043770016515,14.17798937565585,15.224995963038957,6.712984813632243,3.400905529271301,1.4385823492347614,0,0
10.07431909371114,13.382931902097736,26.66590582459646,22.375775768179302,11.772851801820508,4.137939475851864,1.1065196288733607,0,0
9.164213540175504,8.029434804846824,21.936766354442796,19.683616994582774,11.578703151871526,4.715680996764815,0.4915140025303684,0,0
10.040359623723976,11.683034224282281,26.761578307123383,23.093896596601407,12.625237362822125,5.258609264514348,0.9031070429396104,0,0
10.247425986388906,12.288125430225625,28.043875549627625,22.795876715564404,12.31511031086192,5.242432482199209,0.17560909091346855,0,0
9.460853687504237,16.11650676350449,32.97781491269055,26.43186135945933,13.370943513953705,6.2284221332325105,1.501864259570806,1,0
14.965351577148779,25.586414097242116,47.94606325293358,36.923453598724976,19.048358755859944,7.661305116714245,1.382009202603154,0,0
8.572553407180498,12.915619843398881,26.819714715340897,23.24518622577581,11.240814411048962,5.227643896516993,1.4634892759450422,1,0
10.030794047440482,17.77606382253075,34.32950089166426,26.919095858254675,13.72634291460394,5.4251273852248145,1.6227723085694552,0,0
6.027872588614711,8.431408245455062,19.339451632772136,18.172032118175068,7.752867396735946,3.978231977577933,1.2749523092014354,1,0
5.517488012404918,2.440479317761787,9.525073235254833,12.108740273072053,5.923422475263263,2.2832493999960137,0.8662441270730069,0,0
6.349534891430946,9.05016138392038,21.272303726330243,19.954408466389268,9.440352705504711,4.620499798163413,1.6987216820007551,0,0
12.214535486034556,21.59179964345397,41.43673999329168,31.505030701702932,16.46057723408466,6.926578244158147,1.4893240543648276,0,0
13.458541523243383,23.395904487521793,44.78174323768216,33.746210882279556,18.61612104560433,7.525849117640722,1.6255107605082677,0,0
5.3803227331081445,6.286326980963481,16.297218582148773,16.21429979182529,8.000792454523134,4.073183520291773,1.4684512516463044,0,0
11.326634629380726,19.549762734462934,36.866689390497484,28.90877802140568,14.69242153091448,6.07647367179142,1.4959645697881796,0,0
10.741255833914062,17.172993852567032,34.35790581744277,27.198387746292436,13.53890261468446,5.72639254689576,1.0825727821377447,0,0
8.804803628843462,14.055962824278188,28.529476928564304,23.366054575574182,12.19497646933572,4.702964386595878,1.429350197365615,0,0
5.15897618963049,6.485124470812815,18.742908697570083,18.782458444196845,7.985707227135406,4.699051278545633,1.3814943884202135,1,0
9.4167913249254,15.898511064933103,30.551084372075984,24.760131401180896,12.206324926372126,5.114107763855016,1.506637369363242,1,0
9.5684125507284,12.311665065232722,26.357844557301593,23.14865646419017,13.038673015788488,5.0532712853009265,1.9052529485110452,1,0
11.843535950469288,13.326966415275773,29.31993757941907,23.17972429163571,13.07391775172241,5.168791458777505,-0.6089393564521038,0,0
11.073080463766438,15.350093714838847,32.448081365554636,27.20456909190481,13.722409121890312,6.028874199755647,1.0973781626576689,0,0
10.24367944287182,14.09006273312833,30.749882093800235,25.1097452989138,13.147786804002852,5.798151572604868,0.8498325983705569,0,0
6.218914474048036,8.444409107722224,18.482212077712948,17.422977005684434,7.834822374064755,2.8530586725580407,1.3216218766510648,0,0
11.544834994926932,17.80568852216794,35.74830150812048,27.344108703428454,15.391929278781607,6.164303791863275,1.163910604247127,0,0
9.28594526070135,14.291654359822605,30.610840579576937,25.587913335064396,12.906907033605904,6.180915872441038,1.5328464046260986,1,0
11.834112688011627,20.067436487516893,40.138190753072266,30.734763509397176,16.35693673990969,7.029352724847764,1.6053162720531458,0,0
11.142315986987365,13.498137405213948,28.332668101222925,23.320591589791015,12.076708395532592,4.777083770070766,-0.01904322873738818,0,0
4.040479576374207,1.7397961996899447,8.715076199198542,12.640202991720566,5.524617919983274,2.390547819472557,1.6047932954892399,0,0
8.947441150736509,8.778218860436217,21.64256848004078,18.793298067985077,9.291994356796792,3.9587902016828465,-0.3260069880116156,0,0
12.229658171164512,19.187965558281135,37.023342842963345,30.058422472837073,16.104318633456405,6.089483634337563,1.839642711151459,0,0
10.497166191536696,19.02881496376567,38.164062614029895,29.607628781264644,14.985020566317589,6.5608442249316745,1.4093811606100228,1,0
14.240276316957901,18.50630121206914,37.66861880422419,28.709261248978358,16.307088996112324,6.153129457946467,-0.3877282766439685,0,0
11.81575609657915,14.486725240077373,31.241414943048404,25.188946688118765,13.82357165935399,5.676462561488346,-0.010434364813141696,0,0
10.52667487356192,17.150521648255037,33.040176512329644,26.792572521633268,14.36501662526033,5.348187328354004,1.7920469354052098,0,0
10.407436933212498,16.459782970365904,34.147428052592915,27.49570754440065,14.719880135535751,6.45322969981815,1.6945689899795338,0,0
9.487958110847897,16.265364451420286,34.56260213292788,27.85064853992722,13.949879030636126,6.365036017698114,1.3894797344038508,0,0
11.865646620319653,14.860053906017306,32.39778994203148,27.06188088484593,14.41934006187907,5.8488903957865945,0.7123632406921796,0,0
10.478623169523877,15.250530243012525,32.346043011154585,25.90432261225863,13.018372728372059,5.836402747366955,0.5428231866273212,0,0
11.789531566741463,20.52708639122563,39.775580781996226,30.320150381842986,17.723080051354504,6.081857116449584,2.202288659643146,0,0
11.988317358340808,15.621727182864296,34.86623931476829,28.050322747448735,15.815374022322603,6.656468067554432,1.0158957540375777,0,0
12.717959565679719,20.082504498355593,38.77786697272864,30.317760494027052,16.574291571058346,6.460658827290318,1.4500872983201403,0,0
5.003174767685572,5.112321945713527,13.953541032770826,15.169373419898841,7.037281585060438,3.667372620740029,1.8462482460166496,0,0
14.24259692338937,18.89008580439943,37.32897174937405,29.694372851473002,15.116043648753056,5.7110254854834945,-0.24330415158057428,0,0
10.332270888975838,16.573174792884743,34.2418670576943,27.775861160936017,13.905145711240282,6.310030867634001,1.3443805033648164,0,0
10.833334800254281,15.412378569056536,31.39053709951299,24.99158248791906,13.075595376362477,5.28985153995137,0.6066999725116329,0,0
11.134478959477981,18.521997193962697,34.431244230627726,27.856482242724283,13.754770638065537,5.3601702116238625,1.4965014319591108,0,0
10.89122526104534,17.843419283845144,35.41150543086949,28.400777352657705,14.933133755872523,6.119415538750315,1.6526945658597039,0,0
10.80216267645821,13.241000272040054,29.27400521825488,24.95995614231467,14.724977378580165,5.5530806867334155,1.4773646173201218,1,0
11.471693972464212,14.588665328305478,31.45235312881805,25.343216412000263,13.106567626946108,5.521870933282554,-0.01654825435383996,0,0
11.680053295543518,16.681969460198896,34.8922482787824,27.562114845462084,15.288883582404793,6.106982210701435,0.8984716596001102,0,0
14.890840401275456,19.583765461391007,40.92247241418723,31.674507478472933,18.842916344481033,7.322622799356117,0.5486622943794376,0,0
6.9121455239204215,10.698508059291145,22.72821630365091,20.211308031150413,9.677003292626647,4.4594189093097185,1.5823030587771914,1,0
11.200613955230816,16.484531053810038,32.35087052078491,26.235188369964444,13.993079794510399,5.3243433811647085,1.3779443300686203,0,0
3.9691994523928265,1.129594556752205,7.325752654070696,11.916674522265396,3.837174529754338,2.6660734479525328,1.1123803547126163,0,0
13.7585232683073,21.73385238812124,40.766778929452535,32.06130681877805,16.379331836825973,6.129951441107455,1.1242118223662392,0,0
8.214859478368233,12.144207650405514,24.63778082533532,21.307084345158298,10.867454683011223,4.3602743151487555,1.6390932176381514,0,0
10.760190633472181,15.013845897764874,32.03875245605528,26.153977450225945,13.689886081228348,5.684534263106388,0.9155086335304189,0,0
12.486252872233782,22.06337279742474,42.01759514432542,31.80505673887662,17.285384183171477,6.808116871898685,1.7147648065760455,0,0
15.849729252978058,27.27336998604916,51.94597313776927,38.72975786054146,20.572597040476964,8.239620974070675,1.2496432276279321,0,0
14.541907678681094,21.197021432098683,40.86208102889262,31.897831816442217,16.654344443302183,6.3053026948339435,0.4039560451961941,0,0
11.484900795613731,14.955148996997453,31.064228158019812,25.42752507852621,13.478068162969528,5.414045308722155,0.5528685991996077,1,0
9.468693068345376,14.446985614231068,30.95699013808581,25.262211232412604,12.194622299423722,6.003749649843615,0.7930473656049162,0,0
12.165312610335103,14.762168507288116,31.23002189206623,25.346723419074532,13.17180721480898,4.9663962327092355,-0.3133190320022638,1,0
11.142315986987365,13.498137405213948,28.332668101222925,23.320591589791015,12.076708395532592,4.777083770070766,-0.01904322873738818,0,0
6.369293665897653,5.310479567690166,13.923390681013188,14.65313699735721,7.051571011371822,2.8519440507471456,0.9048296286735004,1,0
12.813051830780239,24.530066671805695,47.4810690825338,35.50164292056956,18.195898671682038,7.810808587129647,1.5602292081099445,1,0
9.7217776507468,15.636570227339915,33.635023448349415,26.192400412940387,12.515226178794121,6.286401496292329,1.9344267406054436,1,0
9.485764359877786,14.307196608993962,31.13212629532035,25.04855133551889,12.300083637656632,5.968024675641551,0.7460799314729554,0,0
15.50121473428816,28.566774501929636,51.87426495508497,37.88514888155516,20.559020650713457,7.729031321349615,1.5773107835135938,1,0
13.92090819536005,25.421920830948167,47.75875776857884,35.68096663480377,18.740946063062363,7.872711647516821,1.4817378979083173,0,0
16.578949017997303,22.51257691601539,45.20042313446974,34.133130144735865,19.930987098041186,7.495865002505433,0.07787176358691532,0,0
11.070202031342234,16.55791530076613,34.065305012854736,27.65877026205434,14.181975968042774,6.116431803765731,1.2629824347392251,0,0
6.05004077746714,8.031498749513219,19.186425088021156,18.335481964719637,8.355661672224727,4.4313209506590105,1.4891584210337205,1,0
8.115948209940878,11.733670863832673,25.455313717885765,22.221028741774354,11.344895903150816,5.092236875514217,1.6319400222233391,0,0
8.783682670909803,14.83459934417044,30.856766935416037,25.233921255511422,12.352458736346087,6.04131463885193,1.4687529151642345,1,0
5.334782186909377,4.001775437414034,13.941337373668235,14.359516096368825,6.273170647885498,3.398889111558905,0.32259345263698813,0,0
7.495866366975209,9.912050835196087,19.970535037525746,19.385924491878956,8.425256827645603,3.4678769968031964,1.3585087480100184,0,0
14.195995187266188,21.472941011850864,40.49060326354895,32.52293999706916,16.44199583630542,6.222371464354027,1.0754333406145145,0,0
7.9578186976016845,8.310600992604872,19.244825110816226,18.694562548452907,9.938982970666515,3.7163832414322404,1.2626210124516994,0,0
6.2354651984470975,8.47138187729721,19.50875348033546,17.245802670880533,8.82043749268322,3.5494782337483324,1.1800313961559137,0,0
7.019540032852923,8.755252220231652,19.56213440432167,18.423284960771706,9.48726162139865,3.6209759655136105,1.5724960246020119,1,0
11.647559163056632,20.45990268301607,40.16160210048014,30.808772751337052,15.733424476915166,6.843783905652756,1.4106947081753676,0,0
12.373506183559398,18.433974252093165,35.368634016887846,27.689762804269726,14.505133181347697,5.544430132831629,0.8473959304836022,0,0
10.46743588485314,16.947091615844613,33.822404025922545,28.628942051954358,13.12880551817753,5.7549672328348205,1.5163594762575554,0,0
14.724229269158096,19.638226181097515,40.90933071727536,31.74471788278433,18.822537209864187,7.228366932737523,0.7092452501889369,0,0
13.54877062334485,18.267556195317262,37.23570097010697,30.63321568008294,15.017150657821288,6.34045703729053,0.22804489100228076,1,0
4.820304970860034,5.212893094252663,15.820504682953775,16.350314925335276,7.343386575012234,4.120257015895868,1.2905714308538108,0,0
3.44208971220806,-0.04643881911104805,4.842049683811649,10.33443616666597,4.292164677993171,2.2538358621899888,1.620058256313209,1,0
15.101160177283267,27.835614089696623,52.05086323889986,38.295482480721525,20.587764242789365,8.355625770304634,1.5319927627797705,0,0
10.618684194389534,13.234415520891197,30.411125082414536,25.51201315354104,14.460335190194524,5.960641440887279,1.397739383356591,0,0
12.681889388894959,23.337441020068646,44.343052180560015,33.39635918849829,17.294290933100346,7.303903935292962,1.4860536862088776,1,0
3.91776550505225,2.4506136862320664,10.54200035950239,13.246051965281664,5.845843709224235,2.96209575346301,1.4091194740387458,0,0
8.385140444697194,12.36123157350104,27.273032419638074,23.089141209608282,11.208031456264077,5.396310011197823,1.36406955609821,0,0
9.516709553141865,8.278515057483222,21.62225639150175,18.864324730294296,9.585825080891201,4.111723136607323,-0.9483940412654429,0,0
16.14828324513907,27.09319082954355,51.962764897624865,38.607534105134135,20.7753202239855,8.354195510227969,1.0805121416232693,0,0
9.53595385188904,15.77807986660222,31.134145623053772,25.832095329972994,12.65896998782596,5.284830993550857,1.7593657220558154,0,0
10.329690743209111,17.79480907933274,34.84540488519682,27.722509135276496,14.335706931443012,5.964162268112154,1.5510469070251238,0,0
9.364671092458115,9.527201546744026,20.500838626763226,19.602385262093673,9.701472663010936,3.638445838728872,0.728247493961575,0,0
9.288185809439499,8.48792405506923,21.531082283100858,19.541760931595025,12.123618967818935,4.698335540896705,1.149146733977491,0,0
10.270693081366376,12.807633187039277,28.248932438234633,23.67974496263539,13.171578693888549,5.403268832738108,1.0799812391867165,0,0
9.472318325642835,10.205935989227688,25.432947620357915,22.307679785513244,12.75922136376405,5.172659049860634,1.1107024896963238,0,0
14.01105199086253,20.63415864482772,39.176256534865736,31.12518548978053,16.369655081932912,5.911491764498627,0.9883036060047599,1,0
14.129901082985018,21.188893767634294,40.62768449284179,32.162575688842814,17.10429094602545,6.416076619596113,1.3732213499133306,0,0
14.715877531686147,24.29566153370776,45.634687348107505,33.59837483048503,18.207648362279066,7.066231436261225,0.7482065497296391,1,0
16.6803646811371,28.545693472794817,51.906864098734836,37.66295920343631,20.269441372222147,7.20148373294213,0.7328366000305483,0,0
11.773892499055268,20.89025051828509,41.41634992771703,32.315354535306184,16.440294427139857,7.276969034891705,1.5950631637607207,0,0
11.551157239791808,14.469623603232721,31.04666461922598,24.373092497778988,12.293810557795279,5.208733503964008,-0.7551914221541176,0,0
6.0995732554716104,6.313798038785654,16.990893474428223,16.792009412922944,8.364664604634005,4.166956903670157,1.3004374310458835,0,0
12.498543650881745,20.43787308070539,38.68278655474141,30.127630382071054,16.872786508572176,6.111139914962519,1.8806514295046133,0,0
14.887506974045765,19.926998740025965,40.78915578120788,32.620851996878656,17.241294328206614,6.8205752724557,0.10621972375341177,0,0
8.60252259655122,13.41041694071144,26.77558680977486,22.815838328615015,11.550809079248623,4.5121619812224125,1.5185555668435031,0,0
8.6252587353173,15.064004196026346,33.163955768490595,27.63424918191197,12.896455015217288,6.714229622889672,1.6265597757900796,0,0
10.71128787838451,17.639613286597633,34.69063517956965,28.011618421609153,14.196295085205339,6.124894421101656,1.4939125025523974,1,0
9.543007124468737,15.498392216317857,32.0214460717396,26.461233932554197,13.096606914566966,6.143541707867875,1.4812771397601934,0,0
6.632185231619501,9.581278865416623,20.628419594080714,18.71108286604213,8.721628314942604,3.8882292618825645,1.3495109728731425,1,0
14.653628051184244,24.0344430958172,45.85351286856429,33.6120280234096,17.93156900569813,7.356250905044773,0.4684724414059457,1,0
8.435858986049142,12.655422878239003,26.055157344115027,22.398224552781357,11.48925972940079,5.16639410663311,1.9024077038668061,0,0
12.23256967588169,13.688877650834776,31.133464714479203,25.827032975556993,13.914698376367204,5.994114595592195,-0.2705040958806363,0,0
6.742581606065359,3.2139685547906818,10.246747638036284,12.752369601827343,8.421980113613502,2.3005195751390257,1.725092959940133,0,0
14.027840025956408,20.966032683688088,40.606573183710104,31.782642041866367,18.287985641987976,6.298651147348186,1.5997276414004729,0,0
14.730618326915046,25.430982409153742,48.20844211794273,36.066920840253175,20.09847279179607,7.905475599662155,1.7904800637022151,1,0
12.236031990793157,14.220154678993882,31.242731301163158,25.09210311227943,14.131918765835449,5.660342217679276,-0.2466514655149714,0,0
12.734364838711468,20.615194222608785,41.40218353778395,32.00980706250207,16.845347724196973,7.11573967241609,0.8875463699467031,0,0
15.155566051170792,25.30621110860689,47.41154003387537,37.215961560173575,20.36317141956121,7.6312042399473,2.2190310078470077,0,0
13.70122966107988,24.588128987863094,45.50190555440103,33.90289930910225,18.366434278729063,6.855357621898151,1.5435962366161793,0,0
7.049426620727299,10.673437935481342,23.724755921081787,20.720705950953903,9.643306126960786,4.973615282146693,1.3713989000343076,1,0
5.954555326275701,7.116169048276197,19.236104083215587,18.44087100548023,9.570772099660402,4.463432640210291,1.7799831065729375,0,0
9.666916675004897,15.864278900896087,31.145610745249172,25.559695291169632,12.761290915540892,5.547831908515799,1.6478430757326703,0,0
10.951646124686004,14.596032883262197,30.23610771666195,25.522376219965242,12.792246958590074,5.19997969781223,0.7747386538376703,0,0
12.765975522429253,18.693017062841736,37.56186930635416,29.63914190190904,15.582619022625948,6.540844507972995,0.7533010783568947,0,0
12.924956185588051,21.213723992260437,41.42874740601687,31.45262571821639,16.723197629805234,6.847964465450461,1.0070927207576124,0,0
6.964457766882177,6.844663444620407,16.886856867247914,16.240897910373324,8.415589223854164,3.439825000979187,1.0210252020169182,0,0
7.056215301718311,9.813764559321037,21.835986204076725,20.188663127092926,9.535683839552487,4.8002496849208764,1.7063883758216079,0,0
15.321589913391165,25.86872362976791,48.61204815154867,35.547074964643286,18.909825588598526,7.491400412273201,0.7039086128644513,0,0
13.506413570967714,19.95935321157139,41.560252321130235,31.819634046866927,17.230967899126167,7.181505460107456,0.4490744500126356,0,0
11.727095798073606,16.484125707213103,31.203070484773143,27.7596388414445,14.347629820763338,4.978484255439454,2.0329191231171593,0,0
5.549774007869502,6.663751137212175,17.04186908722751,16.577109187029276,8.409473214175842,4.147715499274588,1.84314366707695,0,0
9.685422391716658,8.932488141177883,22.177904150736815,20.255727343416407,12.193384732485713,4.122221865477581,0.9494734108577526,0,0
11.813756468055692,15.983184990503766,32.43094093222604,26.120731785637453,14.324272762823485,5.400546284176648,0.8831146369813176,0,0
7.842012055404474,6.09172194118865,16.860782228671926,16.5551471345429,8.493430011434247,3.6259899698583173,0.20073851876475696,0,0
6.227417073862657,8.822336904776643,20.627647715688195,19.16599225731574,9.422317337211288,3.974287125908673,1.620021535709364,0,0
11.671843931288493,16.03426892723267,31.652105578562576,25.640705555229086,13.590562434947381,5.0773159506926655,0.8420263897140894,1,0
9.552363950002253,8.833692896191415,21.2418271802906,18.98445011967311,9.624561448407283,3.819215712994958,-0.3846841783961004,0,0
10.868666134567007,14.729763619087812,32.30360862822345,27.421792570761188,14.787689323235275,6.300159165317931,2.022112025615318,1,0
9.641673773096294,7.634699698842575,21.485226297559016,19.050341783719507,10.521212145663618,4.328372717186325,-0.8859856490132816,0,0
10.010877184870234,17.47476156039454,35.138667250449316,27.77439225154211,14.039962277935691,6.304462110877575,1.466136486576632,0,0
15.466580037358538,25.405086438549255,48.27663624003595,36.1955377623808,19.322149213140662,7.651377419950454,0.9478849027138181,0,0
8.421605988341422,11.606812524485013,25.253522577514218,22.207405048096614,11.965270527876058,4.975428704689744,1.8810739018656684,0,0
12.6926910602919,23.733840367821,45.00951639312275,33.970180767490035,17.582024723135376,7.538576002285267,1.5425036972195398,1,0
10.956589018045499,18.82687687678252,36.38664946715066,28.6292288585633,14.073110869061534,6.0706000430000735,1.4646593041497138,0,0
12.62983528131306,20.54415162724944,41.66604793317541,32.8295642355888,18.469036136990432,7.854018510676925,1.9495634888458713,0,0
11.901175166898941,19.11624232706719,37.283671568159185,29.744840421358028,16.104065674270476,6.4952704681482345,1.8078495510234442,0,0
14.896267026080492,27.266831797880318,49.59554705023292,36.665054017986755,19.955845097454905,7.645202224467343,1.6698466416582116,0,0
4.6618412782910825,5.192082668139616,13.268904631062385,14.580700843665525,6.3955270888683335,3.1527754934892194,1.5867509406629454,1,0
11.51060390476486,19.78335821885899,37.52262980996842,29.405504803453216,15.43556999522149,5.910546291751273,1.8195860989495203,0,0
8.87729519293648,12.22268549291937,24.564445568356945,21.139663853350953,10.839186319529562,4.186775925653792,1.2063290353871619,0,0
14.235452833467024,20.993846603400105,42.79870995209902,33.070980042496885,17.143455345705927,7.3023869442352,0.3035922526758771,0,0
7.85341011982394,10.153967855037754,21.526213925952813,20.39644968318292,9.17488649979137,4.192343674257522,1.2617483504246176,0,0
9.347999424381833,10.934097982382932,23.852467851753367,21.053955627775913,10.821594487797174,4.296949495931378,0.9191189670707087,0,0
4.577956477742663,3.1177017306987493,10.999981694100583,13.720860557952928,5.969133626514448,3.2529166170780206,1.5780239702006882,0,0
8.347272600587699,13.59282841840329,28.62998032730781,23.95293097591316,11.662862656596877,5.528295933248008,1.4640181237506091,1,0
7.511542618911825,2.408698896225732,13.24904122070305,14.92101298285294,8.11170618610046,3.90662072980573,-0.18380189133561353,0,0
7.143133988240378,9.138660422197244,19.54817347830986,18.16191630414115,9.370189356389337,3.351407516354005,1.5111692829128134,0,0
12.306583094150177,13.341124725372737,31.30836252605272,25.39044910134375,14.849405756729526,5.567261534221256,-0.29155880555426733,0,0
12.769111036170152,23.530730233749555,45.81718052801163,34.79206792308943,18.066570194030216,7.538566628127323,1.6695108517294672,0,0
10.115890256625018,16.886801112372268,32.69712374106525,25.969945729900093,13.49920998383159,5.55120409639341,1.4845435973674073,1,0
6.949570540092356,10.19814126579145,21.050544932449846,19.456100725173357,8.820253669936136,4.138579659971185,1.4559994247083228,1,0
9.784182492622769,14.330531176561903,29.405602793110592,25.082665748775312,13.265850558604928,5.104000150791056,1.7349526207886048,0,0
11.049701728140793,19.291837770851554,37.05825648537374,28.894358296525127,14.826249756134864,5.994201906112369,1.4509686417722365,0,0
9.113889587321532,10.103037006516473,25.250048289983173,22.755476979843436,12.809171926321524,5.451490393237372,1.5523735127091802,0,0
14.123673866306104,20.311467017955003,38.967393469068504,31.468624347958947,16.787826311062446,5.959928357881191,1.2315339526322115,1,0
6.726650050766167,2.9391089915131237,12.980839558274193,13.81492595132405,6.780625132325736,3.3741249312196246,-0.489162601621022,1,0
15.267280557642003,28.205480192168427,51.9423422973176,38.39204296242774,20.27392584819962,7.674013764418527,1.4302138712743233,0,0
9.231828175922836,15.16620838004494,30.488951820870305,25.34601807720865,12.518687362870022,5.5594898870965315,1.8008657030507178,0,0
8.266172700273017,11.989445792442359,24.697508758275347,21.177179731164657,11.19754246854383,4.208088771178319,1.5218196995157505,0,0
12.86222918273463,16.831567375681704,34.10824822041758,25.88013323354152,15.599755994937766,5.640665523163046,0.31077839821166403,0,0
9.685422391716658,8.932488141177883,22.177904150736815,20.255727343416407,12.193384732485713,4.122221865477581,0.9494734108577526,0,0
8.419193987829232,13.790319934866993,26.857085538490153,22.6210705857846,11.150217123866614,4.560724571417573,1.5631195321094746,0,0
12.678243266175286,23.295786100974972,43.326505364800646,32.79656935572618,17.523047976615988,6.862702849848119,1.8719064324111792,0,0
13.780184853418326,17.180516796695866,36.26975494689124,28.11353523926547,15.853384147056474,6.427699378043847,-0.3336854279659168,0,0
11.24189357969449,19.274502943545297,36.877201371567246,29.252153731827626,14.566930914779192,6.115969937498471,1.3923374785173657,0,0
10.325466452400514,17.20880010355269,33.99467703593735,27.34623203005644,14.361434261606291,6.15382465740697,1.6663183407721112,1,0
2.5411201088025357,0.9988884293387603,7.84643172237242,11.468681707961743,4.128449089952381,3.2603895711299296,1.4569074240308326,1,0
14.525997747889228,22.743345281101572,45.133484746917176,33.54454962298075,18.28824310329749,7.559338683354998,0.5430803664913045,0,0
5.310813523440679,4.409455434588836,14.314609358410763,15.617875312790266,6.098383385181866,3.924731244647606,0.7601824600237894,0,0
11.82077306315188,20.52658176826615,39.980448197426576,30.454661681935494,16.679759746646248,6.670943783720181,1.59556926578806,0,0
6.8760440034284604,9.923534621056707,21.112180956755815,19.29121807528296,9.48048576323502,3.9934979427817034,1.6330266436971848,1,0
8.175086250638227,12.532136067155575,25.47986514330898,21.86681019617915,10.667320151972518,4.7855598985045384,1.4706585612768803,1,0
9.598048162806236,8.303706735326179,21.304147393562012,19.132527347783526,9.844555824918485,4.292155905924327,-0.6667526086192279,0,0
10.30378849954591,14.277323601850469,30.668302588199264,25.35760702592016,12.704471594597475,5.534948190051636,1.1696241465314245,0,0
5.47704968469041,6.331264262655946,15.396754353999581,15.962373567257194,7.205653119538895,3.3664849000690706,1.5848587915712704,0,0
8.043417934455757,13.144611919838733,27.148762688149137,22.442211132778052,11.802768919462368,4.943668904805253,1.6193049351574327,0,0
5.527664536370696,3.676211031388471,10.469695625097323,13.258755615685386,6.986919757899902,2.4252174763104026,1.7537904752819236,0,0
8.752902890030342,14.275940393296755,28.436501391382027,23.69509434945744,11.422823014088547,5.090017625678396,1.41184188663688,1,0
13.958734491466076,18.613617750239143,37.161639984018926,30.39757562159687,14.88283930249803,6.078820630298348,-0.022930828767539106,1,0
11.859025145594826,16.50960777049703,34.034567739652786,27.636335977876257,13.888368168011647,5.988524558601076,0.635998296195393,0,0
13.497204456411202,19.718631353705124,41.5471866435896,32.058457089815185,17.248341619138124,7.201041870003654,0.4037148693799094,0,0
11.212565622269734,13.346054766693808,28.19327658058262,23.435518427656742,12.542008970550885,4.575230376428935,0.17872605863457589,1,0
13.17300978634611,17.271299618024234,37.27778878958926,29.59762802076422,14.556558935729369,6.679269894038838,-0.6595744982036972,1,0
8.011526067425885,9.86960764922235,21.926788263968124,19.622572952883132,9.668458006129887,4.363493960938629,0.8807796182166214,0,0
9.959514807824855,18.100575753145343,35.80326444166689,28.310268626241125,14.186091963503044,6.2354106220000105,1.5872271268531406,0,0
6.214615842819588,5.850125471089674,17.170886313983353,16.934097435608628,8.266312807281057,4.235159018258426,1.0611673911780222,0,0
12.433526498393476,21.328364324087833,43.02913464516632,32.850894411805356,17.608723190671004,7.239058006539452,1.3785424212215622,0,0
6.123612846689486,5.293976524075285,15.875713144944859,16.566142934743805,9.7987779037734,3.704655485877448,2.0267797601380098,0,0
15.093754466855074,24.819272197008658,45.70955539305031,36.67360819657893,19.422878134937967,6.880539412541656,2.1667820224391887,1,0
9.091441889858606,15.255552309620478,32.33318817895543,26.373812524648752,13.099465746304759,6.109885029744845,1.3877436957784473,0,0
11.917754013999154,12.739655947261678,28.41723261480088,23.29230009210998,12.535038293626823,4.903768040315589,-0.857301992161351,0,0
7.707873764581653,11.033642806252258,23.180043023673974,20.942091774460923,9.917634653540741,4.509760205411862,1.5259071088042795,0,0
8.428969089478558,11.247551423747355,26.634227760813165,22.654653953304916,11.635468851213076,5.40800648803879,1.1089434465355639,0,0
14.244599277425841,24.02084839949783,46.526615257172864,34.57907473097031,18.42371684600991,7.73934795389852,1.034487802465946,0,0
10.935422055561123,14.802571732605479,30.454698195862147,24.864183839372384,13.064251181120046,4.989554785209278,0.9203079491429285,0,0
14.106270264074782,18.46840624011096,38.49993635100926,29.496514826110097,16.55593674900804,6.436575202234333,-0.3337770696358449,0,0
9.926625368569937,16.42866091609091,32.77492482067584,26.3210471045093,13.508111322007439,5.67852383087786,1.393816950452459,1,0
9.632092336766116,16.887075365428586,35.28069194134884,28.134378939059797,14.061326068790427,6.779893155705738,1.5109564206617168,0,0
9.313812595419952,15.08978088641212,31.413216633177562,25.597013510036888,13.312383827564162,5.912556284672436,1.5823263873213138,0,0
11.420223258506528,18.954902974164952,37.49701901650207,29.921198369953824,15.791898067805626,6.528578483062418,1.8392449933904156,0,0
10.847142862487253,16.659190125888703,34.057765636603335,27.936868259523894,13.739360569482752,6.068774019741738,1.1170367144671927,1,0
10.82607556348737,16.495129963054133,32.277984087699025,26.529223085371036,13.895863278717034,5.430302818222445,1.5483391477315631,1,0
13.927136316363159,26.53915164728691,50.156879020667155,36.595839195565965,20.14940348586,8.201667700014037,1.7418738204501822,0,0
13.164499369048318,23.914219930065375,47.742008029662834,35.34090105025152,18.456609535065567,7.927407843691841,0.8645734018946871,0,0
8.467922728354404,11.553340908290684,25.843110369837973,21.921128756285054,10.849289723583285,5.033240558328721,1.1667765290640342,0,0
5.4650521797013,7.304852907004674,17.178609922671555,16.609556293384895,7.159341079437355,3.734322730594364,1.2021375650122301,1,0
14.643408014749951,25.112347227300823,48.38599199358312,36.64698261254622,19.25454009234885,7.751062378916816,1.150908600971366,0,0
14.744682872141386,24.182464866022247,44.090313815524276,34.273767234838964,17.84711805855476,6.546024232117934,1.6385432776224114,0,0
14.075666009495707,22.96141009477545,43.79928246330614,33.50861102145166,18.265263671536353,7.274079045566349,1.4652044590658826,0,0
3.884829609904219,1.1980131563258385,8.353207371426544,11.873497273028688,4.905916716007385,2.54965235583592,1.1620438266616306,0,0
9.325492887937134,15.38385892452339,30.41479801775123,25.094694511113882,12.873489457096719,5.20897021153924,1.6833576668852193,0,0
9.100246152835252,10.018503669460687,25.76236285583435,22.306441570579686,12.250997966477264,5.579894933536992,0.939198347754662,0,0
4.184859369473678,0.41415439205641874,6.091271233153633,11.701471246107781,4.886131312275396,2.3986668767946187,1.6062828271254692,0,0
16.310395795589688,22.36731049291871,45.357728423046275,34.31848111888245,19.52946658560211,7.679129028064465,-0.09199990073291024,0,0
9.675746539964539,8.807759037383745,20.906352207853452,19.486570025029007,9.579412168032196,4.015633969483676,-0.13795827032566263,0,0
7.896024951567704,9.204436211894443,20.601403127956264,19.57435509776187,10.862214319315678,4.011480864903162,1.9703284439892976,0,0
14.107015871582155,24.335211381796725,45.366301600548915,33.967681950838134,18.67298654422406,7.080705964636045,1.5398974238912257,0,0
11.54169754793745,13.165775977745627,28.430028557300524,23.1685678644291,12.300345723115571,4.848908956553701,-0.4117545745555435,0,0
5.646614751403647,0.9769811925268453,9.880326951039173,12.530711869104339,6.1727403766193145,3.1257432871230795,0.22999678506536844,0,0
8.387096730433408,9.086777776939208,21.770908866213816,19.899000655799917,10.770945565571214,4.004369305734688,1.2098862948991598,0,0
13.321214919282927,19.09932414087225,37.389421995841836,28.944307263893627,16.43093602631213,5.951981987288557,0.878998578536698,0,0
11.51070838924444,20.792245215086687,39.93963828351331,30.784744858458478,15.968753585987061,6.794359456238059,1.5476968633597952,1,0
9.628403651962794,15.824518009002023,33.95476363222247,27.05848550779174,13.785749844145993,6.264702103756187,1.3925602035325029,0,0
4.310550955283215,3.0431888167942356,11.110961941402673,13.601043243957198,6.234228570000082,3.0916832288982525,1.5761565201403396,0,0
13.067036469974038,22.89477236041004,46.008719922975715,34.53017421664076,18.647289260442758,7.942165005822735,1.5556178294516843,0,0
7.826177020436881,10.574324785484608,24.334646700299203,21.331596368290764,10.407131263818512,4.922129282489335,0.9871992861825792,0,0
10.718282467311484,15.421609972475288,30.231654028444815,24.96671399977718,12.658894323674726,4.986817417123057,1.1721112482414284,0,0
8.813760122421856,10.835317059625604,23.219367222242354,22.035894943304605,11.346908658682063,4.518741902350214,1.90099578947118,1,0
9.271421947268244,11.666862548957328,24.99886337700862,23.03178511276551,10.78376949387651,4.450250271699665,1.225590978512964,0,0
13.413236602902975,21.755398673386413,43.423754852635234,31.75985012084317,17.457596462049096,6.076320290966629,0.10695560533017578,0,0
13.229776924003955,23.660778730591627,44.594770306037454,34.46362151927019,17.850621204646192,6.984389184850058,1.643524451104183,0,0
16.970353098368996,27.713192540963732,52.13717148573708,38.11090493636446,19.771607015280217,7.829392498842988,0.05273431011911948,0,0
15.48022079538935,27.889727099916186,52.08412410701517,38.16452910890718,20.417699013088328,8.230270556896386,1.2147331258763143,0,0
12.847832051936077,19.4358467839251,37.86854304593866,28.971670372630797,14.77461930331663,6.115489191008785,0.491601606444384,0,0
15.297325439274264,28.436519486384125,51.962964293695926,38.049479759020585,20.3929946033336,7.70729774018149,1.5341814980894464,1,0
11.545490931634076,11.4626246643048,27.0251672052029,22.52308946701154,12.212634803452865,5.190684623531273,-0.6847904710357563,0,0
12.228696895685118,15.657814848843284,30.09052341921174,25.104675839813797,15.377277485807586,4.633671605216532,1.679580788032148,1,0
15.770210998299445,28.648445119964133,54.29440306598345,39.43461813705346,22.029868220096773,8.80259242478239,1.6106164933353233,0,0
10.356234173221289,14.801223952213284,30.695874024756055,24.683842632609892,13.060378508942463,5.112322463355714,0.8541264872715003,0,0
8.520974069293548,13.74034757214065,29.56162065858739,24.200377846033405,12.383198023222416,4.9236986168053845,1.3536865559151199,1,0
9.662049239890747,12.14417071854882,27.51709771397972,24.259594362104934,11.80391636421531,5.533692112976391,1.0009457115957445,0,0
17.529670050997957,26.9288177263193,51.90244599802809,38.96523130501664,19.82445482064413,7.890178120355378,-0.23327379239000023,0,0
12.96655328945186,21.104877226517953,41.59573564936078,31.343165911210797,16.665536452818827,6.66226190715889,0.7867608846299957,0,0
11.480036296550292,19.62891215978203,37.661608218504945,29.33678001349793,15.3187327749778,6.227365453078201,1.432779340065184,0,0
13.99162438870721,20.475111676771338,41.18064318049612,32.634312567366976,15.825569533104776,6.925681955055876,0.0029785428827422463,0,0
5.527664536370696,3.676211031388471,10.469695625097323,13.258755615685386,6.986919757899902,2.4252174763104026,1.7537904752819236,0,0
9.91240756855259,12.421072872916849,26.904264682188867,22.857746733271497,11.630975128001214,4.989650291130908,0.6884558494681153,0,0
14.453708398128164,19.889219478594104,41.39785931514072,32.60038019858346,15.857953422500257,7.06001230940064,-0.6158463088203054,0,0
9.713033261927698,16.629455419219887,34.47527998641879,27.447104434758565,14.132469223511828,6.371455854138068,1.5255823232028334,0,0
14.762556211899879,20.830729904770955,42.578068987737325,33.26551323813747,17.30771339534441,7.345231698738052,0.07640332833520967,0,0
12.458138652306591,18.018876483285233,37.172665215240166,29.24492591139313,14.802075936344524,6.495205002343598,0.4040225953510067,1,0
14.250455195122916,21.16185783041452,42.67555412241266,33.132658062039596,17.156955451971154,7.152528345197634,0.278168549424517,0,0
15.624334020072771,27.71764321267878,50.716021246445706,37.84690669980385,21.254629567425923,7.773106952734863,2.0061101130603416,0,0
6.391498254505146,8.90446623042126,20.639014537331967,19.250395282331908,8.804671133835178,4.481530554845523,1.4633538444882686,1,0
3.2960567008431423,1.31004838458049,7.432375648515539,11.68599114111613,4.1268797373618336,2.6160337327806817,1.605202331788757,1,0
15.345506293482924,20.19476767461148,40.62999726395912,32.128439810952855,17.876081816530785,6.5505423182984215,0.22056434042401835,0,0
7.9578186976016845,8.310600992604872,19.244825110816226,18.694562548452907,9.938982970666515,3.7163832414322404,1.2626210124516994,0,0
7.057032122120321,8.909704863939545,20.637721672898344,18.864118175081867,9.106512898319835,4.198235009647089,1.2144284397137024,0,0
8.652320837711283,11.361484500776676,24.945204487450198,21.148351266903322,11.182923803603739,4.531162618273815,1.07559591525276,0,0
14.898822822706816,26.13024772289735,50.14192966518975,36.87931962180487,19.74930547321635,8.060361902496695,1.1883686988621438,0,0
11.082450267760773,20.107216905866768,40.32513630492112,30.83089105222,16.10204397598073,7.110772148045369,1.4953624241824521,1,0
7.99526004248155,8.0156600250872,16.993880283875704,15.410030483287677,7.265735353252848,2.574771825319997,-0.17099931008771857,0,0
11.413036735051882,19.347530500656788,35.946835705244894,28.203148051349114,15.037874936741016,5.621389035833093,1.5843854911308892,1,0
7.478242742226684,10.694368962737313,24.850231570126063,22.209326355278204,11.041250725051379,5.793157314396318,1.8401630006412737,0,0
7.807774580900815,4.103689202505744,13.33419829136652,15.708608203305811,7.77298259412597,3.0348731425883257,0.47926821444135453,1,0
9.044365562121854,13.003854140655543,27.67153287876825,23.509181663576744,11.827559784890914,5.181068290438124,1.3985125588475296,0,0
9.5684125507284,12.311665065232722,26.357844557301593,23.14865646419017,13.038673015788488,5.0532712853009265,1.9052529485110452,1,0
8.709464890804675,13.228840043574149,28.201520206224693,23.91847533690259,13.136269606775878,5.814305776928829,2.119556438484233,1,0
12.145850041046124,20.324701896598427,39.609138468229276,31.180927628608107,16.58731463782908,6.631935553918384,1.7130745396018547,0,0
7.248670076162558,9.432858551141969,22.306024530520226,19.911318945275042,9.189424526367107,4.797749335187846,0.9750636940439777,0,0
14.300127213927002,26.480942203956232,50.06497841410355,36.78557334396817,19.98490160942191,8.023800646280135,1.5914917685880163,0,0
6.558017141855287,9.105255813998939,20.73480761154262,19.014581811259543,8.494907402350604,4.499645802396258,1.17820081635241,1,0
13.94570180034715,20.311666181581337,41.346766956510415,31.259672111069282,17.916786345947543,7.149421908808557,0.6080453967148577,0,0
14.188541971942904,21.237332780060385,40.8660606766802,31.077105997697995,18.24028470167959,6.250226989546097,1.305060020764746,0,0
10.52667487356192,17.150521648255037,33.040176512329644,26.792572521633268,14.36501662526033,5.348187328354004,1.7920469354052098,0,0
9.514748151583019,9.31641610204455,22.387373098513503,20.183790122817317,11.192494531024135,4.231615420425512,0.4549391350686949,0,0
14.32463323197409,25.88655739800151,48.48204714710739,36.429783229157934,18.352768187429216,7.683487178167352,1.1754799656573345,0,0
10.641836233407814,14.329600164642157,30.645355266873764,24.830089342790508,13.420460974770279,5.363399976653608,0.6717499779092845,1,0
11.922856318797924,20.355247263651442,38.822697907487346,30.3600440177917,16.49830355732478,6.431512985553114,1.8583519722716355,0,0
6.377652993836336,9.963372806068625,23.09349674461781,20.695578571283956,9.11922811121096,5.178894435890157,1.3846382526832206,1,0
11.810672714931846,15.75046298966059,33.38413916190043,26.529948642141104,14.955363136535722,6.070743343046833,0.8412330081911605,0,0
5.785093637410013,7.357502066580139,18.44238348139397,18.326262405503115,8.050679936770322,3.9254104247946957,1.4522663285745092,1,0
14.610662552597162,26.993336916703647,51.60952819673812,37.89688620696261,20.318027892908802,8.411982592568481,1.4606669407404564,0,0
15.936271071095305,26.21124035268707,49.99063960515335,36.48903536545597,19.973991636555084,8.093916802009891,0.6975961589664579,0,0
17.231383099647587,27.56366826783644,51.97659967706047,38.406555434213836,19.784988206459083,7.805879207674314,-0.1686204466315912,0,0
16.50505171293619,22.746641119751693,45.28817171330804,33.98119643586002,19.670370880125372,7.366334258718099,-0.1076948646098357,0,0
9.234130762042964,9.733067724285663,22.29993056064556,20.590597613940066,10.245496020503554,4.266076457823771,0.8070879336277627,0,0
18.44452299802384,33.53136674657625,62.62107202494064,44.942270934886544,25.54164334875851,10.065360889036565,1.720364523437834,0,0
4.773473206917222,3.173241397062972,11.373037785557095,13.134528383844936,5.806082052380218,3.005355182612702,0.9482278967272362,0,0
9.310081100388556,16.1396424445468,33.81560561957335,27.3080338410008,13.4781929798172,6.214538496448798,1.4562741324363768,1,0
11.809562634985271,17.62257680727136,34.49192584477437,28.261104596319633,13.710187843729987,5.809530160394291,1.001480620888965,0,0
9.694753436966511,14.030550209775392,30.711451788805782,24.673288264797208,14.406396740212694,5.9721945825640015,1.630928712730249,0,0
3.2118406970752824,-0.7262617660418059,3.445821844169588,9.349990315827663,3.506895831463371,1.9659995689522132,1.5402590711816282,1,0
10.14653097662887,18.471328636816676,35.681892761047386,28.261369195640395,13.889750886607102,6.202796974609224,1.5714353138032429,1,1
10.123567508930849,15.20394092162721,30.554606247827852,24.66618627429784,12.983765868720491,5.12954214404138,1.3164043477874654,0,1
8.350604511499963,13.411749169153422,28.800338972538043,23.829813713978673,11.730561808157036,5.4252704610971385,1.2896551562046814,0,1
2.206455579568796,-1.42176297429118,2.8922434524089704,9.153562828864876,3.260318038415787,2.182755551454507,1.9429719619264676,0,1
10.681026371256376,18.078947962936702,36.37012432768235,28.88187401113139,14.817529524889094,6.779718326462514,1.5094145368982754,1,1
9.428477823863574,16.283841807808656,34.74762322171303,27.711371175598302,13.692208462531541,6.34781759755541,1.1915235348677493,0,1
8.919753712734323,13.421162609674893,26.72350844897818,22.58006724243506,11.84989017505647,4.534009688629235,1.67847761908782,0,1
13.101154889906955,22.521229198530268,40.44469899653884,31.984419609291656,16.59430955802543,6.105181156327439,2.0016942811969147,0,1
11.691657702954164,21.544562725003157,41.41142353993677,31.810834887628353,16.459804510505936,6.8979102936071035,1.6618291482428844,0,1
6.256303262044482,7.255113304561766,15.733015684629061,15.977471046387027,8.1897271456789,3.049517043195864,1.7361268369873895,0,1
8.795962704024939,14.095268307660287,28.45092951823723,23.559718799945617,11.829544146537065,5.21022623231892,1.4756776221414554,0,1
7.361855559096865,10.819351879115404,24.264828380115674,21.342096461455476,10.598491125957857,4.6836982835568035,1.4972920193277315,0,1
9.497500388319798,15.996075355710317,32.89403256743968,26.54203384872958,13.562068964140297,6.284904764631648,1.6864312037528881,0,1
9.398491113925905,11.598263101957924,25.297971108414707,22.351557795465826,11.033531435833202,4.72053524904711,0.9237646494383591,1,1
10.411644078055192,17.03406603764385,32.44998847161717,26.16281545036486,13.59264709983204,5.082477345635465,1.6334848085181721,0,1
8.995189922705265,10.30505865595615,23.139187386650562,20.48786949986333,11.166930183375024,4.3119288505880595,1.2575166023307953,0,1
12.98469107059587,22.792527476879798,45.0363399078836,34.38110453806384,18.040401024789826,7.760932956521727,1.4334343182437936,0,1
9.377600781780323,14.0568717321484,29.74760869442686,24.765215567110626,13.335721244390118,5.74638237318038,1.617964076258267,0,1
13.251554409093924,22.657922289323434,43.998239124287814,33.89285394671588,18.03271413349091,7.496933815275972,1.7173072081071692,0,1
5.923515181601927,8.366144187511303,19.34117411881106,18.02925384696577,8.122854512421249,4.100624777990508,1.3548337111653934,0,1
6.756611791558548,7.654398896415592,18.333691648476876,16.90544490384776,9.599440299669821,3.9840187198990913,1.5261187516173598,1,1
6.536237281895454,8.260784470544202,17.302920895333717,17.035505249680373,7.872449652302932,3.1617560383279186,1.5682041949626178,0,1
7.989313923896758,11.246588405765818,26.353756225723888,21.667126832537207,10.555795844298238,5.396884399527198,0.6426096011564415,0,1
1.928885378348595,-2.5959877340766107,0.8702092901444787,7.673233939298356,2.062009579847561,1.8334758905014303,1.426507695593845,0,1
7.5025265647884956,11.318736526589289,25.890117306684147,22.509038310495242,10.703967746511466,5.1952379763694045,1.3309920091131302,0,1
6.801230360767599,9.760479490177591,22.068604545168313,20.04862087557006,9.406373527544366,4.765600703616658,1.4914329762943013,0,1
6.554549948099177,8.621484196974993,19.73081629568163,18.589362773652123,9.027594077809272,4.259199180753257,1.6755058742827944,1,1
9.027376595302062,14.60453684156838,29.118555294927166,24.121078782329068,11.94383600942311,5.069483640627906,1.4458045671598243,0,1
10.322205722519103,16.677732641594936,33.55973999749959,26.855032022561307,13.579020234843245,5.724599661709004,1.157632544956357,0,1
12.917701610316087,24.084028397550306,45.83408959162808,34.26135374752249,17.9391859880264,7.507644771798399,1.6174690129412121,1,1
11.011138858491647,19.232432314011987,37.82606470843067,29.72415411587915,15.131297856839854,6.320221915017182,1.4960747965755377,1,1
11.369361572658406,19.02341365690216,38.734431250975604,30.05133463120706,15.800502495151957,6.823811047511103,1.4902574056297357,0,1
13.113496344782273,24.020381465841627,45.06003044406298,33.764375422455906,17.231808454538314,7.0340949005701425,1.273206201639836,1,1
14.450388996376123,24.112501882439695,44.782597268005,33.14634492099445,18.16895472342596,6.54564314972398,1.031825941480417,0,1
7.105201446520106,10.518112207975014,25.143085867908987,22.188772624017417,10.905712450705906,5.540668634102681,1.5843315653942611,0,1
7.151133282361418,10.354640344814007,23.52710899664064,20.999281715106036,10.23820293617705,4.7761052931714705,1.5150680723421486,0,1
11.336194532103766,19.6459537472612,37.823533358187035,29.451771189006504,14.708839170045547,6.322827747673617,1.217926714871702,0,1
8.049754860266738,10.075771224317382,23.929432408545864,21.920680783706587,11.03659649180095,5.283337663287748,1.539314151133589,1,1
3.6790243435962555,0.7730222150200164,6.4993208454643305,10.992996422795223,4.78455587340295,2.260967387879911,1.6238337613448668,0,1
6.045745157427632,6.304443029636513,17.745394957931758,17.453567384995015,9.258706932719768,3.6209386535142216,1.486953824343461,0,1
10.158671425784254,17.915485520064916,35.685034814089455,28.34573927127759,14.605974856907551,6.258192013951618,1.6842808929136142,0,1
5.2172657135037355,4.954424978799899,14.999019674475369,15.649851236048741,7.19954516028173,3.8713748541184376,1.4307593020990492,0,1
6.747104184623882,8.798770580186451,18.81953319601402,17.734183564872048,9.049057627388972,3.4645623130495933,1.5412229396130201,1,1
3.647238372570623,1.3677410429784924,7.136179142974952,11.534161233257532,4.927719506104787,2.4709027722306938,1.789673846604192,0,1
5.52679165581136,4.387691513283498,10.855512630710715,13.044508833287889,5.203026416911115,2.2371361431582426,1.241600225881035,0,1
16.194787439608177,31.546930373892366,58.77268981879964,42.3557005454251,22.60368820071908,9.2146611017311,1.6724825911297334,1,1
4.91588460728368,6.215519276162409,16.48090519593475,16.424995451046442,7.586675753852749,4.023753278066923,1.4700558364019185,1,1
8.782932262183774,11.528600932995875,26.332785371511918,22.697687400243414,11.691478748955491,5.4240504585945395,1.3447863242390177,0,1
2.8887138249289053,-0.38937120254310037,1.917730434313997,7.854298459915465,2.6964624445371133,0.8578621649498621,1.6076214155610864,0,1
8.090943222507864,12.468036624898968,25.38313988516888,21.8447790099949,11.202781110243045,4.610333434707061,1.686321265139183,1,1
14.270087963399432,26.073608644066507,48.325652322774694,36.086762402963146,19.151613092520833,7.5629518860990235,1.7177082521837288,1,1
9.26731879215764,14.383110209368889,28.146358507028417,23.529435999767767,12.101867249555452,4.772689139503372,1.6595153881698168,0,1
3.8782768405577173,2.93974440477816,10.588303141519031,12.752132049599943,5.768128929500116,3.0309145212509248,1.5971282249347236,1,1
13.12011478932833,20.944690676524434,41.31999671747879,31.76078441236928,16.81162615409392,6.814337316822041,1.035054071966094,0,1
3.9053155606146097,2.2823495292126186,9.521930777694784,13.22476042912142,5.183874395509504,2.842554476163422,1.6738138446864426,0,1
9.651094659042483,16.908178357727177,34.392042078088345,27.651301714150435,13.533260214709927,6.5615067812651855,1.619425956769119,0,1
12.282117032356021,21.69038309741092,42.06712881809862,32.21697837929708,17.02534759488173,7.237334495608475,1.6193944986670696,0,1
10.121655953844366,15.913746485658377,29.94656182647796,24.996646252367167,13.047130749378285,4.908189439696141,1.7914081846255894,1,1
12.701168156729402,22.811982748727285,44.654227092078536,33.28934149515971,17.53630293056262,7.075596175341806,1.3353782000444325,0,1
8.39179184136092,13.166986446104742,27.801940034324282,23.53587252040085,11.511645942098289,5.436881267358843,1.4039284489581998,1,1
12.551251231274817,23.28046340341915,45.15780897221464,34.15577753187296,17.715748600742753,7.454528980904964,1.6297191618170437,0,1
16.350515477142203,31.786514312007323,59.6266786501295,42.92217817804691,22.459430683857445,9.65045143080059,1.3926860066718305,1,1
9.53955491046755,16.74667791679823,33.76905774375517,26.872575841386844,13.310137209631515,5.953675959887079,1.3895197152593046,1,1
13.778941631536972,24.427354056062416,44.50410592602573,33.72451508889501,17.840576765115685,6.725896424619368,1.7085486674580892,0,1
11.790672386769268,20.03225980796344,38.406786728791204,29.743167549504488,15.53397243557215,6.252373067509939,1.3974875967908478,0,1
10.834858151796372,19.525353130027767,38.09732632260884,29.123185592186474,14.9951793754056,6.470371118623465,1.2897544644460754,0,1
10.095411543352217,16.684151410421485,34.34304358213338,27.50103822541901,14.00840694054447,6.489706874347909,1.4446091100670464,1,1
9.725461807537632,16.470212731914987,31.968629229093015,26.018348955685703,12.543123229935443,5.513415682924364,1.4157582487564344,1,1
3.3961318758678005,1.7187740191210514,8.349557782544863,12.025407419125754,4.006408043037545,2.9286316758879676,1.3842320574333267,0,1
3.1456976960695266,2.709721385819719,10.696098709757115,13.354914254674364,5.33377037674617,2.996899024679296,1.6991344323797148,1,1
7.549706023033695,11.460647965811221,24.194175248135164,20.948179530056954,10.407143897749043,4.401743649094437,1.5545227821095824,1,1
12.07775568652329,21.560494452408808,42.95243823272715,32.840245630481604,17.559415659051307,7.628670532677736,1.7856151421237576,0,1
9.454461806999552,16.829267105629846,34.52517703782479,27.659225927371473,13.492887862467391,6.3577031403427995,1.550330058491217,0,1
10.250873666731644,16.774634671654912,32.54527923278393,26.324201257779443,13.503614719633777,5.293075757027471,1.508924802184635,1,1
4.589626698787231,5.134290998256654,12.594644373808338,14.031225654532058,5.632703030896578,2.7862319672327396,1.5881799372301895,1,1
4.859459304255375,5.163375566643855,14.358451080785892,14.830290094740553,6.566611993519157,3.526460005130918,1.1604667167704243,1,1
9.250868682210776,14.571495450074057,30.574320417513725,25.250539860449315,13.35320839054567,5.6654631482733295,1.7610558469396984,0,1
6.658666085765509,8.508416610497077,19.1987845518727,17.756667218692844,8.362716535914151,3.7915979886304902,1.1539044817093405,0,1
6.332828044750815,7.223088569362435,17.701787014365433,17.090208289514344,8.293802748423882,3.677079663376276,1.2492903617877267,0,1
6.478943295013894,9.200153999850789,18.154290239108946,16.935683730659616,8.073673244006866,3.116102288428223,1.49756824693426,1,1
12.23919229042788,19.532494755895183,40.11613664398596,30.88648515025495,16.857620732826156,6.738987741419824,1.2556215692585253,0,1
4.943212320312077,5.8264559655319355,16.676154306839393,16.568691957345873,7.497037428096732,3.7942198314513536,1.3516198444871486,1,1
12.988964623299307,23.02975989051802,45.880646981157255,34.121340798591596,19.85495708513903,7.112770544653118,1.9642411519313359,0,1
7.263082414671746,9.74987683097639,21.010200813004886,19.270296354018956,9.700662200965146,4.278519048600208,1.7139110847338475,0,1
4.7291591272036255,4.874699729985659,13.599401213976543,14.35409062213014,6.337680996479006,3.1373268160472834,1.2202640123622777,0,1
6.251041388574006,4.504345964853615,14.066851564444342,14.674414370557157,7.907161213963512,3.1037789192722944,0.813153102602691,0,1
13.871622005554809,23.91521156369456,44.83623842178971,33.75127688416714,17.569596566993713,6.903077760626563,1.2282829318935082,0,1
7.988394336414299,11.0366314383288,25.465701917196593,22.606279114666957,11.812075858144897,5.253714921739165,1.7356443014108422,0,1
7.227500803328277,11.719652209615449,25.868159534645603,22.228106748723423,10.800513972348728,5.160693256920882,1.4611082993858802,1,1
4.326596625037811,3.5639264927426955,11.156403549702604,13.32318046216374,5.82921486119145,2.832008101154447,1.4579894227710177,1,1
13.155142340618385,22.058608582643192,41.230840737635994,31.21055753743288,16.43616249839096,6.133872904976132,0.8921386434910064,0,1
8.779570044515841,10.008515745758332,23.008813616999404,20.862959695618073,11.41072560347364,4.595580497266171,1.2890906768460233,0,1
6.667177322445332,8.596022046349159,17.322402423552965,16.539433339552897,8.21353054742403,2.6873140984420822,1.6699822282560077,0,1
4.869959110106558,5.193162825892954,14.255320429705392,15.036561662321496,6.5190364710716056,3.331985483629821,1.353716181039951,0,1
8.796201296490189,13.776237508805782,29.574976429536473,24.17528582931167,11.803687940943904,5.79526785347477,1.2242018374725097,0,1
9.805257193969377,15.594719821306892,30.383890084662404,24.64612582403549,13.190954105516735,4.843073670696903,1.65137729652642,1,1
8.384195582358537,11.989579148206916,23.79817289835984,20.601762448171506,10.731101952617147,4.227405242897441,1.5478850917612716,0,1
5.8419947749240295,8.155412895922442,20.16227764690143,18.745418658774227,8.66882209467113,4.632618470081784,1.441960993336564,1,1
4.3099395225420665,3.12332174768958,12.39607249246706,13.874654154001135,5.729201844540569,3.59817324125857,1.2189565138306557,0,1
10.64027689813474,16.483404537165157,33.57613328695615,26.806308549342226,13.732619768292176,5.6709677839240635,0.8570706878633091,0,1
5.268429108048994,5.071332868961608,13.807014699567175,15.442589988208994,6.898011860603929,3.5746994497194966,1.6000664400172666,0,1
7.006180627777911,9.838390923559043,21.195055477511374,19.18879754210062,9.45856206846747,4.027686330196377,1.5913282879250836,0,1
13.881986945146757,26.29506334741241,50.16865742113928,37.15497958817935,19.49730460091232,8.43713725712262,1.6878159360507607,0,1
5.789854947060491,8.134084586250811,18.522148793472546,17.53774408940009,7.922272446814064,3.9022277151380225,1.6386256630282763,0,1
12.308870605944744,22.637227124767673,42.873549506185476,32.406573290245944,16.714487400304368,7.375765137314209,1.6321753608358092,0,1
10.107659585245212,17.2419468641901,33.26873808499951,26.75163388843169,13.763744441264988,5.814061452888861,1.7040227513180557,1,1
5.23820788623785,5.68211371412166,15.582808866609017,16.126288284911144,7.445332395590463,3.83664194950769,1.412928755005962,1,1
8.384195582358537,11.989579148206916,23.79817289835984,20.601762448171506,10.731101952617147,4.227405242897441,1.5478850917612716,0,1
13.57391884194454,24.86352354363363,49.1574596834989,36.13184750004373,19.04767087402701,7.975283036258464,1.1569014117370053,0,1
9.398491113925905,11.598263101957924,25.297971108414707,22.351557795465826,11.033531435833202,4.72053524904711,0.9237646494383591,1,1
9.123202716300057,15.27360739935223,30.75871425573439,24.859420810708194,12.546501990269409,5.449048988727769,1.4263488902810586,0,1
12.635340328417742,20.738082603255783,42.23019942228593,32.33493814817671,17.639447346759415,7.308351193867652,1.3528056245490567,0,1
7.330566060500774,9.811663810247843,22.19061543701596,19.664639194734278,9.360978060490192,4.542006948687411,0.9653143663425606,0,1
12.869117205274746,22.179391390385625,42.477868246388844,32.39709866935699,18.432317572928614,6.7243344925873485,1.9138304526734182,0,1
12.967132345081946,23.692306532665324,44.99973962389737,33.92382925226383,17.724701822753275,7.122519596825603,1.4972881753898426,0,1
5.126528277165808,4.684744190291922,13.189928820257565,14.553171803241439,7.108584899410766,3.285103335509958,1.5894235606631704,0,1
11.597038983833196,20.197791117039884,39.338131308899854,30.31834255869411,15.67915127260675,6.278345812871305,1.3228231104260344,0,1
5.880100868038197,6.500028308393745,17.33685846443841,16.776421485865054,7.277617519065271,4.179566164182682,0.8731322332964571,0,1
12.340609116377514,21.797484700636844,41.71590363660489,31.278747664010968,15.845051375100233,6.425018264824607,1.0665867838443164,1,1
12.756650635707754,23.483592359085716,45.09014394311989,33.801478474603094,18.080652506105256,7.347567770377314,1.4504528998597324,0,1
4.477862765655082,4.625301813967278,13.450365400778894,14.871224723100834,6.313779729065184,3.4788546382949397,1.5671595542153056,0,1
7.945755942635134,12.329667782035731,25.662374273168396,21.77352566629001,10.852914653025763,4.664934717850461,1.426676202170821,1,1
12.175279960329913,21.747147155636753,43.80181818878087,33.44516469524941,17.8412124887049,7.150977034243391,1.4609884261145218,0,1
11.825436002649628,21.322562421421804,41.48228212308363,31.73607846361688,16.568969001820054,7.123430405279251,1.6690539445311945,0,1
7.2170514147506335,10.739928936830331,23.555747311682307,20.82668685871101,9.868096736501288,4.561410267974647,1.3131407294220754,0,1
10.420850418840821,16.110411653149022,30.063534015978902,24.38761221850931,13.351981743523334,4.6049129655615895,1.7179554398476147,1,1
