0.17384388065457196,1.1094057044344123,0.3620372273831985,0.4875038482098512,-0.9032189153237768,-1.3993293716341921,1.2032579244529793,0,0
-0.3793081836959205,0.2268784864902951,-0.5732700794090204,0.2882500161063645,1.4823416316196099,1.4883204977695428,0.9272898677306811,0,0
-1.3626896314301293,-0.430089825697822,-0.2323775063905912,0.5753016988835077,-0.024328187502528874,0.21238218338184606,-0.35337439549623695,0,0
-0.19492416224575634,-0.7951637793924539,-0.9255103052381352,0.5892915525377938,0.1012276307576495,0.41384612775885105,-0.45871041714693545,1,0
0.5426119235549003,2.7612818112802207,1.78380341013033,-0.29309683651764296,0.3523392672780057,-0.4591642978748364,1.1539561090097814,1,0
-0.6866148861128608,1.7841753014656625,0.47700823176370954,1.1893193575796275,-0.9032189153237768,-0.794937538503178,0.8246939845742232,0,0
-1.1783056099799651,-0.9529444116056305,-1.0672874969695194,-0.4565962771460793,-0.9032189153237768,-0.6270509181890073,-0.10759034497793926,1,0
0.7269959450050645,1.1094057044344123,0.5925891006943707,0.881544947735134,1.1056741768390752,1.21970190526687,1.2032579244529793,0,0
1.7103773927392734,0.17153808602243215,-0.15520865668647646,-0.12385371775042418,-0.14988400576270725,-0.4591642978748364,1.1213299076135472,0,0
-1.1783056099799651,0.11303370133807245,-0.2521247703054,0.17362552783019894,-1.1543305518441331,-1.1307107791315192,0.0369885082681179,0,0
0.17384388065457196,1.3691622689614906,2.539527271725488,0.6826370436751501,-0.400995642283064,-0.4591642978748364,0.612811182403277,0,0
0.29676656162134807,-0.7951637793924539,-0.4826766436165722,-1.3875758416247899,0.3523392672780057,-0.12339105724649518,-0.45871041714693545,0,0
-1.4241509719135175,-0.6584879789859119,-0.3747084046354713,-0.6904332382823044,0.980118358578897,1.21970190526687,-0.7220504712736829,0,0
-0.3178468432125324,0.2268784864902951,-0.05356309553185081,0.15333365024974926,-1.9076654614052027,-1.1307107791315192,1.3153699474964133,0,0
-0.7480762265962488,1.5761614251645892,-0.39585905071501215,2.632320286034008,0.6034509037983624,0.5145780999473535,1.2771085311814827,0,0
-0.3178468432125324,0.8521733041434172,0.47700823176370954,1.6071996749130952,0.3523392672780057,-0.12339105724649518,0.8053218426614509,0,0
-0.2563855027291444,1.632260290342221,-0.967039668671594,0.7326972289767861,-0.024328187502528874,-0.12339105724649518,1.6620548187538016,0,0
0.17384388065457196,-0.6584879789859119,-0.9531043608955585,-0.8285041404782032,0.980118358578897,0.21238218338184606,-0.7220504712736829,1,0
1.5259933712891092,-0.16154738680482278,2.2261603938537453,-0.20529898584398648,-0.5265514605432418,-0.794937538503178,-0.8638489619573161,0,0
-0.3178468432125324,-0.5379313791014584,0.3840831552748682,-0.6479312607925423,0.47789508553818405,-0.4591642978748364,-0.9268705133722639,1,0
0.29676656162134807,-0.9529444116056305,-1.1419664869120418,-1.237196961873574,-0.6521072788034201,0.5481554240101877,-0.10759034497793926,0,0
-0.9939215885298011,-0.5379313791014584,-0.33304060077635445,-1.659165010507333,0.6034509037983624,0.5481554240101877,-0.10759034497793968,1,0
-1.7929190148138456,0.5479220783190677,-0.008950668221710586,0.7079452713616976,-0.6521072788034201,-0.12339105724649518,0.8377329262462808,0,0
-0.8095375670796369,-0.9529444116056305,-0.0001416878889102189,-0.49235066862113014,1.4823416316196099,1.3540112015182069,-1.3365105975694263,0,0
0.9113799664552286,-0.5379313791014584,-0.7170043598186326,-0.7805748332707322,-0.14988400576270725,-0.4591642978748364,-0.10759034497793968,0,0
1.218686668872169,-0.5379313791014584,-0.6923493886995999,0.35865848755049773,-0.14988400576270725,-0.6270509181890073,-0.9268705133722639,0,0
-1.2397669504633533,-0.6584879789859119,-1.2512293170454216,-0.15035302829445343,1.1056741768390752,0.21238218338184606,-1.643740660717298,0,0
0.5426119235549003,-0.6584879789859119,-0.17423454914505898,-1.0436645751167262,-0.7776630970635985,-1.1307107791315192,-0.7220504712736829,0,0
0.29676656162134807,0.05098148613797845,-0.17423454914505898,-0.9858996705714811,-0.2754398240228856,0.07807288713050942,1.1213299076135472,0,0
-0.19492416224575634,-0.6584879789859119,-1.2998693647959123,-0.5292775419686389,-0.5265514605432418,0.8839286646385285,-0.7220504712736829,0,0
-1.055382929013189,-0.5379313791014584,0.5991923415466245,-0.8285041404782032,2.9890114507417493,2.898568108408577,-0.9268705133722639,1,0
-0.010540140795592191,-0.7951637793924539,-0.6923493886995999,-1.3875758416247899,-0.7776630970635985,-0.794937538503178,-0.45871041714693545,1,0
-0.3178468432125324,-0.5379313791014584,0.441756616672643,1.8357453088360651,-0.024328187502528874,-0.4591642978748364,-0.10759034497793968,1,0
-0.1334628217623683,2.7567427879702833,-1.0526676422718724,1.2294007672664202,-1.2798863701043115,-1.600793316011197,1.301571544660299,0,0
0.17384388065457196,0.4659945186421504,1.7688154264584106,0.4721815882212511,0.6034509037983624,-0.12339105724649518,0.8140998444656758,0,0
-0.010540140795592191,0.6596928038376002,-0.2521247703054,0.39227796134964266,0.6034509037983624,0.21238218338184606,0.9942002263109794,0,0
-1.055382929013189,-0.6584879789859119,-0.4606307157249025,-1.3875758416247899,-0.9032189153237768,1.555475145895211,0.19963971816993176,0,0
0.4196892425881242,0.17153808602243215,-1.8612745307172964,0.5467895750480325,-0.5265514605432418,-0.794937538503178,0.7116898234163852,0,0
-0.010540140795592191,-0.430089825697822,0.11110925805320697,-0.09796364105234408,1.4823416316196099,0.21238218338184606,-0.35337439549623695,1,0
0.7884572854884525,-0.430089825697822,-0.844855558888679,-0.12385371775042418,0.6034509037983624,0.21238218338184606,1.1213299076135472,0,0
-0.19492416224575634,1.807438759195043,0.28681892222247096,0.2699379258569551,-1.4054421883644899,-1.4664840197598605,1.1627541857907884,0,0
-1.8543803552972338,-0.6584879789859119,0.9834171847104011,0.35865848755049773,0.7290067220585408,1.8912483865235525,-0.7220504712736829,0,0
-0.8095375670796369,2.1713620122861887,-0.4606307157249025,-0.02368383978428082,-0.6521072788034201,-0.12339105724649518,2.3115440105171134,0,0
0.6040732640382883,-0.6584879789859119,1.4787743192614666,0.81528061615334,-0.6521072788034201,-0.4591642978748364,-0.7220504712736829,0,0
0.6040732640382883,-0.6584879789859119,-0.8847926427912804,-1.1689234081053468,0.8545625403187186,1.555475145895211,-0.7220504712736829,1,0
0.6040732640382883,2.5508411024326367,-0.29218986555983456,1.4759629342690401,-1.6565538248848461,-1.8022572603882017,0.9610359616233538,0,0
0.05092119968779586,1.9469856640900254,-0.0445638558591277,1.2055235038597865,-0.5265514605432418,-1.1307107791315192,0.47072506800628977,0,0
0.23530522113796,-0.9529444116056305,-0.17423454914505898,0.11161892811310273,-0.9032189153237768,-0.12339105724649518,-1.3365105975694263,0,0
0.29676656162134807,-0.5379313791014584,-0.4172266302819929,0.4721815882212511,0.980118358578897,0.21238218338184606,-0.10759034497793968,0,0
0.29676656162134807,-0.5379313791014584,-0.33304060077635445,-0.6904332382823044,1.7334532681399666,2.4284855715288987,-0.9268705133722639,0,0
0.17384388065457196,1.2172472578380489,1.7725725433374087,1.5494347703678506,0.2267834490178273,0.21238218338184606,1.2688003379245258,0,0
0.11238254017118392,0.8521733041434172,-0.29218986555983456,-0.49235066862113014,0.3523392672780057,0.21238218338184606,0.8053218426614509,0,0
0.7884572854884525,-1.3679574441098026,-1.7978182318953293,1.0868697850358835,-0.7776630970635985,1.555475145895211,-0.7220504712736829,0,0
0.3582279021047361,0.9888491045499589,0.3096709328267562,2.17115714830758,1.1056741768390752,0.5481554240101877,2.043020097057162,0,0
0.7269959450050645,-0.16154738680482278,0.18479036249249292,0.65674696697707,-0.7776630970635985,-1.1307107791315192,-0.29665499922278354,0,0
-1.4241509719135175,-0.9529444116056305,-0.33304060077635445,-0.1774909375155152,0.980118358578897,-0.12339105724649518,-0.10759034497793926,0,0
0.6040732640382883,2.2783973048533372,2.3998710294882812,0.3062691003083889,-1.9076654614052027,-1.567215991948363,1.408949541198789,0,0
0.29676656162134807,-0.24347494648174,0.3620372273831985,-0.4565962771460793,0.980118358578897,0.5481554240101877,-0.10759034497793926,0,0
0.05092119968779586,0.7919472233777568,-0.6679827864293568,-0.1774909375155152,-0.9032189153237768,-0.794937538503178,0.7861698387249603,0,0
0.3582279021047361,-0.6584879789859119,0.9108980298571218,-1.1045533893953845,-1.4054421883644899,-1.1307107791315192,-0.7220504712736829,0,0
0.4196892425881242,-0.6584879789859119,0.06902053879822047,0.023246648078983512,0.1012276307576495,0.21238218338184606,-0.7220504712736829,0,0
-0.07200148127898025,0.2268784864902951,0.47700823176370954,2.848170141408338,0.2267834490178273,0.21238218338184606,-0.23695037156651721,1,0
0.05092119968779586,1.8633842723491656,0.2559543466708279,0.3062691003083889,-0.400995642283064,-0.4591642978748364,1.5135384988661496,0,0
0.3582279021047361,0.6596928038376002,-0.4716245182543948,1.0778962814876933,-0.024328187502528874,0.21238218338184606,0.48568150110070923,0,0
0.9113799664552286,1.772342243905423,0.47700823176370954,3.2366745981363114,-0.14988400576270725,-1.1307107791315192,0.8641140407920732,0,0
-0.6866148861128608,-0.9529444116056305,-0.8056696874264723,-1.0436645751167262,0.3523392672780057,0.21238218338184606,-1.3365105975694263,1,0
0.17384388065457196,-0.08569431426856347,0.21671927472342667,0.35865848755049773,-1.1543305518441331,-1.097133455068685,0.5946497993600531,0,0
-1.9773030362640098,-0.01507679319364995,1.846326112367209,-0.7805748332707322,0.980118358578897,-0.12339105724649518,-0.10759034497793968,0,0
0.9113799664552286,0.2268784864902951,1.983043801555839,-0.2630638903892315,-1.6565538248848461,-1.1307107791315192,0.5392097879649485,0,0
-0.5022308646626966,-0.7951637793924539,-0.6200882461997091,-0.3883227233778525,-0.6521072788034201,-0.4591642978748364,-0.45871041714693545,0,0
0.11238254017118392,0.5865511185266042,0.3096709328267562,0.4721815882212511,0.2267834490178273,0.5481554240101877,0.9847832128811597,0,0
0.9728413069386166,-0.7951637793924539,-1.0237321667811987,-0.1774909375155152,-0.5265514605432418,-0.22412302943499768,-0.45871041714693545,0,0
1.8333000737060494,0.17153808602243215,1.116157662590519,0.04599830545810637,-0.2754398240228856,-0.12339105724649518,0.7116898234163852,0,0
0.9113799664552286,1.3691622689614906,1.9315163420137154,0.35865848755049773,-1.6565538248848461,-1.4664840197598605,0.8670705450084123,0,0
0.05092119968779586,1.153914807225275,0.5592552576440231,0.7079452713616976,-0.7776630970635985,-1.1307107791315192,0.886004752861986,1,0
-0.010540140795592191,0.37693419087358504,-0.2620690409513533,-0.9858996705714811,1.1056741768390752,0.21238218338184606,0.1158497009477854,0,0
0.05092119968779586,2.2856308902884797,0.9502601865092528,0.5322581639239352,-1.4054421883644899,-0.4591642978748364,1.4848133626053959,1,0
-0.19492416224575634,1.807438759195043,0.28681892222247096,0.2699379258569551,-1.4054421883644899,-1.4664840197598605,1.1627541857907884,0,0
-1.4241509719135175,0.37693419087358504,-0.20310319691612422,0.0682994052249898,-0.7776630970635985,-0.4591642978748364,0.7861698387249598,1,0
1.403070690322333,-0.7951637793924539,-0.5049583613047443,-1.3098782266961335,0.8545625403187186,1.555475145895211,-0.45871041714693545,1,0
0.17384388065457196,-0.430089825697822,-1.0381496689222531,-1.3875758416247899,1.3567858133594322,0.21238218338184606,7.757499271607574,1,0
-0.010540140795592191,0.5077777927141583,-0.7799493515464242,-0.8785643257798388,1.1056741768390752,0.5481554240101877,0.9738594773025687,0,0
1.8333000737060494,-0.6584879789859119,-0.4826766436165722,-0.5674564095938143,-1.6565538248848461,-1.1307107791315192,-0.7220504712736829,1,0
1.464532030805721,-0.5379313791014584,-0.20310319691612422,-0.7805748332707322,-0.14988400576270725,-0.794937538503178,-0.9268705133722639,0,0
1.2801480093555568,2.3552868818619666,0.847500252102723,2.770739739373751,-1.1543305518441331,-1.8022572603882017,1.1698399175842644,0,0
0.29676656162134807,0.11303370133807245,0.6958087614665829,0.11161892811310273,0.3523392672780057,-0.12339105724649518,0.9044616277444617,0,0
-0.9939215885298011,-0.6584879789859119,-0.30232769940808124,-0.8285041404782032,1.2312299950992531,0.21238218338184606,-0.7220504712736829,1,0
-0.44076952417930854,-0.6584879789859119,-0.2720610061233507,0.04599830545810637,0.7290067220585408,0.21238218338184606,-0.7220504712736829,0,0
-0.010540140795592191,-0.6584879789859119,-0.7545426861220094,-1.1045533893953845,1.2312299950992531,0.21238218338184606,-0.7220504712736829,1,0
-1.4856123123969054,0.9629351108232396,-0.9531043608955585,-0.6479312607925423,0.980118358578897,1.3540112015182069,0.8377329262462813,0,0
-0.8709989075630249,-0.5379313791014584,1.6288382629277964,-1.1689234081053468,-1.0287747335839552,-0.794937538503178,-0.9268705133722639,0,0
0.9113799664552286,0.4659945186421504,3.2427322362976914,0.13266942393495193,-1.5309980066246682,-1.4664840197598605,0.506869781317804,0,0
-0.9324602480464129,0.05098148613797845,0.7020932933657891,1.1974505751191022,-0.5265514605432418,-0.12339105724649518,-0.7220504712736829,0,0
-0.9939215885298011,-0.430089825697822,-2.397152261330862,-0.6904332382823044,-0.2754398240228856,1.21970190526687,-0.35337439549623695,0,0
-0.9324602480464129,-0.6584879789859119,-0.3747084046354713,0.2131442751336804,-0.400995642283064,0.5481554240101877,-0.7220504712736829,1,0
0.7884572854884525,-0.430089825697822,-0.5502497264552632,-0.9858996705714811,0.3523392672780057,0.21238218338184606,0.38397775605865536,0,0
0.4196892425881242,0.5865511185266042,0.119425918777574,-0.20529898584398648,-1.7821096431450245,-1.835834584451036,1.2578766023459345,0,0
0.29676656162134807,-0.5379313791014584,2.7820188267536743,-1.1689234081053468,0.47789508553818405,0.8839286646385285,-0.10759034497793968,0,0
0.9113799664552286,1.5319726315858533,0.545770933903682,3.1599229460829066,-0.14988400576270725,-0.794937538503178,0.9044616277444617,0,0
0.6040732640382883,1.723592645856126,3.624419181974588,0.3414647377472831,-0.2754398240228856,-0.794937538503178,0.9414879194294274,1,0
-1.3012282909467412,-0.430089825697822,-0.4716245182543948,-0.49235066862113014,2.110120722920501,1.8912483865235525,-1.090726547051129,0,0
-2.161687057714174,-0.6584879789859119,1.0640719310598572,0.5026204340609481,0.6034509037983624,-0.12339105724649518,-1.643740660717298,1,0
1.8333000737060494,-0.5379313791014584,-0.29218986555983456,-0.42194219717699644,-0.2754398240228856,-0.4591642978748364,-0.9268705133722639,0,0
-0.010540140795592191,0.4224327070609651,0.3620372273831985,2.2938985984317743,1.1056741768390752,0.8839286646385285,1.6022117455841296,0,0
1.1572253283887808,-0.6584879789859119,-0.5965476483325806,-1.1045533893953845,-0.024328187502528874,-0.12339105724649518,-0.7220504712736829,1,0
-1.7314576743304577,-0.5379313791014584,-0.11767033038309975,-0.07265541336579703,1.3567858133594322,2.059135006837723,-0.9268705133722639,0,0
-0.3178468432125324,-0.24347494648174,-0.3125151072130619,-0.6479312607925423,1.1056741768390752,0.5481554240101877,1.1213299076135472,0,0
-0.8095375670796369,3.0681177558493147,-0.17423454914505898,0.5611358676154924,-0.5265514605432418,-0.12339105724649518,1.5685762946222523,0,0
1.8333000737060494,0.5077777927141583,0.9558231290529776,0.39227796134964266,-0.2754398240228856,-0.4591642978748364,0.9738594773025687,0,0
0.05092119968779586,-0.9529444116056305,0.4203157336541049,-0.9309537130219476,-0.14988400576270725,0.21238218338184606,-0.10759034497793926,0,0
0.3582279021047361,-0.7951637793924539,-0.5732700794090204,-0.6479312607925423,-0.024328187502528874,0.21238218338184606,-1.5120706336539242,0,0
-0.8095375670796369,0.9090517185430385,1.9762466642220122,0.6826370436751501,-1.5309980066246682,-1.8022572603882017,0.6231189944007826,0,0
-0.7480762265962488,0.8225031664619629,-0.5049583613047443,3.228696982225168,0.1012276307576495,-0.794937538503178,0.9044616277444617,0,0
-0.19492416224575634,0.5865511185266042,-0.16469988378497333,1.4885459560891923,0.1012276307576495,-0.4591642978748364,0.9847832128811597,0,0
-0.44076952417930854,0.7279546320913446,0.135960297192222,2.4045674495649485,0.980118358578897,1.21970190526687,1.2402576739933684,0,0
0.7884572854884525,0.623775150855327,2.164881836619364,0.5611358676154924,-1.9076654614052027,-1.4664840197598605,0.8579898534868006,1,0
0.9113799664552286,0.2793796394260684,2.1461411938010926,0.8707681311726849,-1.2798863701043115,-1.365752047571358,1.4900059833909935,0,0
1.2801480093555568,0.6596928038376002,-0.7170043598186326,-0.2630638903892315,-1.6565538248848461,-1.8022572603882017,0.7399408637058446,1,0
1.8333000737060494,0.623775150855327,0.11110925805320697,-0.5674564095938143,-2.7865561892264505,-1.4664840197598605,0.8579898534868006,0,0
0.9113799664552286,-0.6584879789859119,0.3913802581634311,-0.6479312607925423,1.1056741768390752,0.8839286646385285,-0.7220504712736829,0,0
-0.010540140795592191,2.646370830115968,-0.4826766436165722,-0.4565962771460793,-1.0287747335839552,-0.794937538503178,1.7053712157758376,0,0
-1.1783056099799651,-0.16154738680482278,-0.6559055308977622,0.2882500161063645,1.1056741768390752,0.21238218338184606,-0.29665499922278354,0,0
0.7269959450050645,-0.7951637793924539,-0.2720610061233507,0.7922967829695046,-1.2798863701043115,-0.794937538503178,-0.45871041714693545,0,0
0.9113799664552286,2.069769790596836,3.1008506200784396,1.5315112821708725,-0.400995642283064,-0.4591642978748364,0.6404480696429654,0,0
-0.3178468432125324,-0.7951637793924539,-0.33304060077635445,-0.5674564095938143,-0.6521072788034201,0.21238218338184606,-1.5120706336539242,0,0
0.17384388065457196,-0.7951637793924539,0.6640985488888794,-1.1689234081053468,2.9890114507417493,2.562794867780235,-0.45871041714693545,0,0
0.3582279021047361,-0.5379313791014584,0.3472092591301329,-0.5292775419686389,0.1012276307576495,-0.4591642978748364,-0.9268705133722639,1,0
0.11238254017118392,-0.5379313791014584,0.23250208312264142,-0.6069751568972952,1.1056741768390752,0.21238218338184606,-0.9268705133722639,0,0
-0.8709989075630249,-0.6584879789859119,-0.844855558888679,-1.237196961873574,-0.14988400576270725,0.21238218338184606,-0.7220504712736829,1,0
1.2801480093555568,1.038788183359499,-0.8317115358261241,-0.5292775419686389,-1.1543305518441331,-1.8022572603882017,1.1213299076135472,1,0
-0.3793081836959205,-0.9529444116056305,-0.4826766436165722,-0.12385371775042418,0.2267834490178273,-1.1307107791315192,-0.10759034497793926,0,0
0.05092119968779586,2.5508411024326367,1.3356574105395158,1.7645952050063736,0.2267834490178273,-0.794937538503178,0.8408155021307082,0,0
-1.6699963338470696,-0.08569431426856347,-0.20310319691612422,3.2366745981363114,-1.5309980066246682,-1.1307107791315192,0.5946497993600531,0,0
0.9113799664552286,-0.01507679319364995,0.8707778210262831,2.05628887417988,-1.4054421883644899,-0.4591642978748364,0.3839777560586549,0,0
1.5259933712891092,-0.5379313791014584,-0.15520865668647646,0.768834085640356,-0.400995642283064,-0.862092186628846,-0.10759034497793968,1,0
0.05092119968779586,2.394913046433794,-0.08995390280606984,1.7145350197047375,-0.6521072788034201,-1.1307107791315192,0.7946549037601139,0,0
0.9113799664552286,0.4224327070609651,0.28681892222247096,0.0682994052249898,0.47789508553818405,0.5481554240101877,-0.6419034982785861,0,0
1.5259933712891092,-0.9529444116056305,2.6898319109963533,1.4885459560891923,-0.5265514605432418,-0.6270509181890073,-1.3365105975694263,0,0
1.2801480093555568,-0.6584879789859119,-0.7545426861220094,-0.4565962771460793,-1.4054421883644899,-0.4591642978748364,-0.7220504712736829,0,0
-0.6251535456294727,-0.5379313791014584,-0.844855558888679,-1.237196961873574,1.1056741768390752,0.21238218338184606,-0.10759034497793968,1,0
-0.9939215885298011,-0.7951637793924539,-0.7545426861220094,0.6697664037365227,1.8590090864001445,2.159866979026226,-0.45871041714693545,0,0
0.05092119968779586,-0.7951637793924539,-0.11767033038309975,-0.8285041404782032,-0.14988400576270725,-0.794937538503178,-0.45871041714693545,0,0
-0.010540140795592191,0.7604509512618689,1.6045662903841162,0.2131442751336804,-0.5265514605432418,-0.4591642978748364,0.6604848128917393,0,0
0.6040732640382883,0.8810075511463225,0.8061279840767028,0.4249228191322918,-0.2754398240228856,-1.1307107791315192,0.7116898234163852,0,0
0.9113799664552286,0.2793796394260684,-0.4606307157249025,-0.20529898584398648,-0.400995642283064,-0.4591642978748364,0.38397775605865536,0,0
-1.1783056099799651,0.2793796394260684,-0.8580830366248604,0.39227796134964266,-0.5265514605432418,-0.4591642978748364,0.7526538318361012,0,0
-0.7480762265962488,-0.7951637793924539,0.16051838994881265,-0.5292775419686389,0.980118358578897,-0.4591642978748364,-0.45871041714693545,0,0
1.5259933712891092,0.7279546320913446,-0.3747084046354713,-0.6069751568972952,-1.4054421883644899,-1.4664840197598605,1.2402576739933684,0,0
0.9113799664552286,1.3691622689614906,0.16864050840312653,0.8707681311726849,0.47789508553818405,0.615310072135856,1.2484595889161152,0,0
0.17384388065457196,-0.7951637793924539,4.017073939272717,1.275688189452385,-1.4054421883644899,-1.1307107791315192,-1.5120706336539242,0,0
-1.1783056099799651,-0.9529444116056305,-1.4179839504087912,0.0682994052249898,1.1056741768390752,0.21238218338184606,-0.10759034497793926,0,0
-0.6866148861128608,1.0141231807322355,0.41311945449613113,3.0668225749277807,-0.5265514605432418,0.5481554240101877,1.0314089135214874,0,0
0.17384388065457196,0.7604509512618689,0.16864050840312653,0.9937449598611751,-1.1543305518441331,-1.063556131005851,1.1213299076135472,0,0
-1.1783056099799651,1.5761614251645892,0.17673108457041384,0.9642366672417971,-0.2754398240228856,-0.4591642978748364,0.8616988683336556,0,0
-0.8709989075630249,-0.9529444116056305,-0.631959051791938,-0.3883227233778525,0.7290067220585408,2.227021627151894,-1.3365105975694263,0,0
0.11238254017118392,0.6943926719302403,0.4346341456505595,0.37559367490583784,-1.6565538248848461,-1.567215991948363,1.1213299076135472,1,0
-0.8095375670796369,2.3417297554661114,0.41311945449613113,0.5753016988835077,-1.1543305518441331,-0.794937538503178,1.4654275783391633,0,0
0.17384388065457196,-0.33253527425030543,1.6647241008397524,1.858496966215188,1.3567858133594322,0.5481554240101877,2.126810114279308,1,0
-0.8095375670796369,3.1362713236895043,-0.16469988378497333,1.7888148209728014,-0.024328187502528874,0.5481554240101877,0.6237302961347854,0,0
0.3582279021047361,-0.6584879789859119,-0.8186499209732583,-0.9858996705714811,0.7290067220585408,0.5481554240101877,-0.7220504712736829,0,0
1.5259933712891092,0.5865511185266042,0.8995137351637922,0.15333365024974926,-0.9032189153237768,-1.1307107791315192,0.7116898234163848,0,0
-0.44076952417930854,-0.7951637793924539,-0.19343579792248425,0.881544947735134,0.47789508553818405,0.21238218338184606,-0.45871041714693545,0,0
1.218686668872169,-0.7951637793924539,-0.4937877139260489,-1.1045533893953845,0.2267834490178273,-0.12339105724649518,-1.5120706336539242,1,0
0.4811505830715122,-0.5379313791014584,0.00863020189055856,-1.3875758416247899,-0.2754398240228856,-0.4591642978748364,0.7116898234163852,0,0
0.9728413069386166,-0.6584879789859119,0.3620372273831985,1.7694809772542712,1.4823416316196099,0.21238218338184606,-1.643740660717298,0,0
0.6040732640382883,-0.6584879789859119,0.4203157336541049,0.6697664037365227,-0.14988400576270725,-0.794937538503178,-0.7220504712736829,0,0
1.6489160522558852,-0.7951637793924539,-0.39585905071501215,-0.35567786559520237,-1.4054421883644899,-1.4664840197598605,-1.5120706336539242,0,0
-1.4856123123969054,-0.9529444116056305,-0.5049583613047443,-0.8785643257798388,0.3523392672780057,0.21238218338184606,-1.3365105975694263,1,0
0.6040732640382883,-0.9529444116056305,-0.15520865668647646,-0.4565962771460793,-0.9032189153237768,-0.1905457053721635,-0.10759034497793926,0,0
-0.5022308646626966,-0.16154738680482278,-0.406515446045651,-0.2630638903892315,-1.2798863701043115,-1.1307107791315192,-0.29665499922278354,0,0
1.0343026474220047,1.6045951446417435,1.513068439233524,0.39227796134964266,0.2267834490178273,-0.15696838130932933,1.5758620558323158,0,0
-0.7480762265962488,-0.24347494648174,1.5468071643655597,-0.7346023792693883,-0.14988400576270725,-0.794937538503178,-0.7220504712736829,0,0
-0.5636922051460846,0.623775150855327,0.525379377191173,0.5175367943382632,-0.7776630970635985,-0.794937538503178,1.3846699617402942,0,0
-1.6699963338470696,-0.5379313791014584,0.490943539539745,2.585145676249522e-05,1.1056741768390752,0.21238218338184606,-0.10759034497793968,0,0
-0.19492416224575634,-0.6584879789859119,-0.5502497264552632,-0.9858996705714811,0.980118358578897,0.5481554240101877,-0.7220504712736829,1,0
-1.4856123123969054,2.556388802078909,0.9834171847104011,2.639097650942683,1.2312299950992531,0.21238218338184606,1.2209720902561,0,0
-0.9324602480464129,-0.6584879789859119,-0.6438978852946605,-0.02368383978428082,-1.0287747335839552,0.21238218338184606,-0.7220504712736829,0,0
0.05092119968779586,2.6361861880858295,0.14417853563939134,2.7257687694195285,-0.14988400576270725,0.8839286646385285,1.1213299076135472,0,0
1.2801480093555568,-0.7951637793924539,0.017365312149962103,-0.6904332382823044,0.7290067220585408,1.555475145895211,-0.45871041714693545,0,0
0.17384388065457196,-0.6584879789859119,-1.0672874969695194,-0.7346023792693883,-0.6521072788034201,-0.794937538503178,-0.7220504712736829,1,0
-0.8095375670796369,-0.7951637793924539,0.026063950026512406,-1.3098782266961335,-0.14988400576270725,-0.794937538503178,-1.5120706336539242,1,0
-0.07200148127898025,-0.6584879789859119,0.7208339361840604,0.65674696697707,-0.14988400576270725,0.5481554240101877,-0.7220504712736829,0,0
0.5426119235549003,-0.6584879789859119,-0.5617281067027671,-0.9858996705714811,-0.5265514605432418,0.07807288713050942,-0.7220504712736829,0,0
-0.44076952417930854,0.17153808602243215,0.7639174367614044,2.497692274739657,1.6078974498797889,1.21970190526687,0.7116898234163852,0,0
0.7884572854884525,0.4659945186421504,2.8141411486262453,1.2214977963302347,-1.6565538248848461,-1.1307107791315192,0.8140998444656758,1,0
-1.5470736528802935,2.4516163606569563,-0.3537703314600257,0.8378047417129659,0.47789508553818405,0.2795368315075144,1.143406319336748,1,0
1.8333000737060494,-0.5379313791014584,0.3620372273831985,-0.8285041404782032,-1.1543305518441331,0.21238218338184606,-0.9268705133722639,0,0
-0.010540140795592191,-0.9529444116056305,0.06902053879822047,-0.7805748332707322,0.3523392672780057,-0.12339105724649518,-0.10759034497793926,0,0
-0.5022308646626966,-0.6584879789859119,-0.995193080150545,-0.04790345575070855,-0.7776630970635985,0.21238218338184606,-0.7220504712736829,0,0
0.29676656162134807,1.6045951446417435,-1.9715288675298634,1.7935968610107265,-1.9076654614052027,-2.1380305010165435,1.1718334796378551,0,0
-0.6866148861128608,1.0141231807322355,0.41311945449613113,3.0668225749277807,-0.5265514605432418,0.5481554240101877,1.0314089135214874,0,0
-0.3178468432125324,-0.9529444116056305,-0.6801304636738992,-1.1689234081053468,-0.7776630970635985,-0.4591642978748364,-1.3365105975694263,0,0
1.0957639879053926,-1.1395592908217125,-0.6923493886995999,-0.6069751568972952,-0.7776630970635985,-0.4591642978748364,-1.090726547051129,0,0
0.4811505830715122,2.62589918612971,0.00863020189055856,1.7196423696684064,-0.7776630970635985,-1.8022572603882017,1.307529945884985,0,0
0.5426119235549003,-0.5379313791014584,0.4203157336541049,-1.1045533893953845,-0.400995642283064,-0.4591642978748364,-0.9268705133722639,0,0
0.29676656162134807,-0.7951637793924539,-0.4388156394867202,-0.1774909375155152,0.2267834490178273,-0.4591642978748364,-1.5120706336539242,1,0
-1.9773030362640098,-0.7951637793924539,-0.5502497264552632,-1.0436645751167262,2.23567654118068,0.8839286646385285,-1.5120706336539242,1,0
1.218686668872169,1.196568815572676,-0.4606307157249025,0.4408971116027401,-0.2754398240228856,-0.794937538503178,1.4975299849374712,0,0
-1.4241509719135175,0.4659945186421504,0.7516985117357036,-0.9309537130219476,1.7334532681399666,0.5481554240101877,0.506869781317804,0,0
0.7884572854884525,-0.6584879789859119,-1.3665413183568467,2.585145676249522e-05,-0.14988400576270725,0.21238218338184606,-0.7220504712736829,0,0
-0.8095375670796369,-0.9529444116056305,-0.6200882461997091,-0.6069751568972952,-0.14988400576270725,0.21238218338184606,-1.3365105975694263,1,0
-0.44076952417930854,-0.6584879789859119,-0.5161892280976657,-0.9309537130219476,-0.14988400576270725,-0.794937538503178,-0.7220504712736829,1,0
-0.8095375670796369,2.765800794686896,0.4203157336541049,0.9642366672417971,-0.400995642283064,-0.794937538503178,0.7477814607905843,0,0
-0.010540140795592191,0.37693419087358504,0.6253979794620452,2.585145676249522e-05,0.3523392672780057,0.21238218338184606,2.797130252056484,0,0
-1.3012282909467412,-0.7951637793924539,-0.17423454914505898,-0.6904332382823044,0.2267834490178273,0.21238218338184606,-0.45871041714693545,0,0
-0.3178468432125324,-0.9529444116056305,-1.8399069511503157,-0.49235066862113014,0.1012276307576495,0.5481554240101877,-1.3365105975694263,0,0
-1.6699963338470696,-0.6584879789859119,0.3620372273831985,1.2055235038597865,-0.7776630970635985,-0.4591642978748364,-0.7220504712736829,0,0
-0.19492416224575634,-0.6584879789859119,-0.406515446045651,-1.3098782266961335,-0.14988400576270725,-0.4591642978748364,-0.7220504712736829,1,0
0.6040732640382883,2.0149237384018024,3.624419181974588,0.19355823821361082,-1.0287747335839552,-1.4664840197598605,0.8845654552794073,1,0
0.29676656162134807,1.038788183359499,1.3356574105395158,0.04599830545810637,-0.14988400576270725,-0.794937538503178,1.472449979782543,0,0
0.9113799664552286,1.453801215863671,0.5859648638104432,0.9741589229411055,0.7290067220585408,1.1189699330783676,1.1798499196417138,0,0
-0.19492416224575634,1.6185211836669289,0.47700823176370954,0.848900089952484,-1.5309980066246682,-0.794937538503178,1.0216877249709941,1,0
0.5426119235549003,2.7881011992092715,1.8426997916173808,-0.02368383978428082,0.47789508553818405,-0.12339105724649518,1.4391541108699664,1,0
-0.7480762265962488,0.3293187182356087,-0.30232769940808124,-0.2630638903892315,-0.14988400576270725,-0.794937538503178,-0.10759034497793968,0,0
0.4196892425881242,-0.9529444116056305,-0.6801304636738992,-1.237196961873574,0.6034509037983624,0.8839286646385285,-1.3365105975694263,0,0
-1.1783056099799651,0.2793796394260684,-0.406515446045651,0.3414647377472831,1.4823416316196099,0.8839286646385285,0.7526538318361012,0,0
1.0343026474220047,-0.24347494648174,-0.406515446045651,0.13266942393495193,0.8545625403187186,1.8912483865235525,-0.10759034497793926,0,0
-1.2397669504633533,-0.7951637793924539,-0.5161892280976657,2.3906122680597015,0.980118358578897,1.8912483865235525,-0.45871041714693545,0,0
1.403070690322333,-0.9529444116056305,4.004253463461126,1.0957723510553563,-1.2798863701043115,-0.4591642978748364,-1.3365105975694263,1,0
0.11238254017118392,-0.5379313791014584,-0.4388156394867202,-0.7805748332707322,1.4823416316196099,1.555475145895211,-0.9268705133722639,0,0
-0.19492416224575634,3.0681177558493147,0.3840831552748682,1.1220654224747777,-1.2798863701043115,-1.1307107791315192,0.8674873636356335,0,0
-0.6251535456294727,-0.6584879789859119,0.33975550969502644,-0.7346023792693883,0.1012276307576495,-0.4591642978748364,-0.7220504712736829,0,0
-0.3793081836959205,0.2268784864902951,-0.5732700794090204,0.2882500161063645,1.4823416316196099,1.4883204977695428,0.9272898677306811,0,0
1.341609349838945,0.37693419087358504,-0.3747084046354713,-0.23381110967946211,-0.14988400576270725,-0.794937538503178,1.1213299076135472,0,0
-0.010540140795592191,0.623775150855327,0.21671927472342667,0.3414647377472831,-1.0287747335839552,-0.4591642978748364,1.911350069993789,0,0
0.6655346045216763,2.5111417410159964,0.017365312149962103,1.5194018242394387,-0.9032189153237768,-0.794937538503178,1.1005007507899633,0,0
0.17384388065457196,-0.5379313791014584,-0.6559055308977622,-0.6479312607925423,-0.024328187502528874,0.21238218338184606,-0.9268705133722639,1,0
0.3582279021047361,-0.6584879789859119,-0.631959051791938,-0.8785643257798388,1.8590090864001445,1.21970190526687,-0.7220504712736829,0,0
0.05092119968779586,-0.6584879789859119,-0.8186499209732583,-0.20529898584398648,0.8545625403187186,0.5481554240101877,-0.7220504712736829,0,0
0.6040732640382883,-0.7951637793924539,0.4203157336541049,0.2131442751336804,0.3523392672780057,0.21238218338184606,-0.45871041714693545,0,0
0.29676656162134807,0.11303370133807245,1.2409447035191794,-0.4565962771460793,0.47789508553818405,0.21238218338184606,0.0369885082681179,1,0
0.17384388065457196,-0.430089825697822,0.5592552576440231,0.17362552783019894,-0.7776630970635985,-0.794937538503178,-0.35337439549623695,1,0
1.6489160522558852,-0.9529444116056305,-1.7565630076483654,-0.35567786559520237,0.1012276307576495,0.21238218338184606,-1.3365105975694263,0,0
1.403070690322333,0.17153808602243215,-0.9392616472102844,-0.8785643257798388,1.1056741768390752,2.227021627151894,-0.5172304291751016,0,0
-0.44076952417930854,0.11303370133807245,-0.5732700794090204,-0.3883227233778525,0.6034509037983624,0.21238218338184606,1.7719347472208051,0,0
-1.1783056099799651,-0.5379313791014584,-0.8982769665316215,-1.5611755179982263,0.47789508553818405,0.21238218338184606,-0.9268705133722639,1,0
1.5259933712891092,0.11303370133807245,1.090277568975278,-0.09796364105234408,-0.024328187502528874,0.5481554240101877,-0.396748051470054,0,0
1.218686668872169,-0.33253527425030543,2.2140480298236827,-0.04790345575070855,-2.0332212796653812,-1.9701438807023726,0.7861698387249598,0,0
1.1572253283887808,-0.08569431426856347,0.47700823176370954,0.6167604444906343,-0.6521072788034201,-1.4664840197598605,0.06796969110655864,0,0
-1.9158416957806217,-0.08569431426856347,0.2637134645588525,-0.07265541336579703,0.980118358578897,1.555475145895211,0.06796969110655864,0,0
-0.010540140795592191,-0.9529444116056305,-0.39585905071501215,-0.5292775419686389,-0.2754398240228856,0.21238218338184606,-1.3365105975694263,0,0
-0.44076952417930854,0.9090517185430385,-0.19343579792248425,1.7743456445886698,1.7334532681399666,1.21970190526687,1.8188251861114184,0,0
-2.0387643767473977,-0.430089825697822,2.311930209188999,0.9132701086624471,0.7290067220585408,0.21238218338184606,-1.090726547051129,0,0
1.2801480093555568,2.4877453376988217,1.0268212701533106,2.2908341918150454,-0.6521072788034201,-1.4664840197598605,1.0573976401376894,0,0
-0.8095375670796369,2.1218258258569724,1.6167376243887017,0.7326972289767861,-0.9032189153237768,-1.4664840197598605,1.0908608104418576,0,0
-0.8095375670796369,-0.7951637793924539,0.31723290390520903,1.5494347703678506,-0.2754398240228856,-0.0226590850579927,-0.45871041714693545,0,0
1.2801480093555568,-0.430089825697822,-0.4606307157249025,0.13266942393495193,-1.2798863701043115,-1.1307107791315192,-0.35337439549623695,0,0
-0.19492416224575634,2.433062110980016,0.06902053879822047,0.6697664037365227,-1.4054421883644899,-1.4664840197598605,1.4360533869357575,0,0
-1.7929190148138456,1.659197320714824,0.2559543466708279,1.410848341160536,1.1056741768390752,0.8839286646385285,1.3607299568196807,0,0
-0.7480762265962488,0.2793796394260684,0.17673108457041384,1.2981374790657578,-0.14988400576270725,1.0518152849526994,1.1213299076135472,0,0
0.6040732640382883,0.7919472233777568,-0.2128156655318231,1.2981374790657578,-1.6565538248848461,-1.4664840197598605,0.7861698387249603,0,0
0.7884572854884525,-0.7951637793924539,-0.6679827864293568,-0.8785643257798388,0.1012276307576495,-0.12339105724649518,-1.5120706336539242,1,0
0.23530522113796,-0.33253527425030543,-0.8317115358261241,-0.49235066862113014,1.4823416316196099,1.8912483865235525,0.7861698387249598,0,0
-1.6699963338470696,-0.6584879789859119,-0.08079643423836629,0.13266942393495193,1.1056741768390752,1.21970190526687,-0.7220504712736829,0,0
1.2801480093555568,-0.33253527425030543,-0.7294421325513228,0.17362552783019894,1.2312299950992531,1.421165849643875,0.7861698387249598,0,0
-0.5636922051460846,0.11303370133807245,-0.30232769940808124,-0.3883227233778525,0.980118358578897,0.8839286646385285,-0.396748051470054,0,0
-0.010540140795592191,0.11303370133807245,0.5925891006943707,-0.2630638903892315,-1.2798863701043115,-1.4664840197598605,0.9044616277444617,0,0
-0.5636922051460846,-0.6584879789859119,2.101746073338418,1.1893193575796275,-0.024328187502528874,-0.4591642978748364,-0.7220504712736829,1,0
-0.44076952417930854,0.11303370133807245,2.6825687284689996,2.585145676249522e-05,-0.14988400576270725,0.21238218338184606,0.4707250680062894,0,0
1.0343026474220047,1.2172472578380489,-1.736237765995138,-0.20529898584398648,-1.2798863701043115,2.6299495159059036,0.5314481863696339,0,0
1.218686668872169,-0.7951637793924539,1.0481888497202914,-0.5292775419686389,-0.400995642283064,0.5481554240101877,-1.5120706336539242,0,0
1.8333000737060494,1.6983185696738492,1.0160547307139052,-0.7346023792693883,-1.6565538248848461,-1.533638667885529,1.674344021279716,0,0
1.8333000737060494,-0.08569431426856347,-0.20310319691612422,-0.5292775419686389,-0.6521072788034201,-0.794937538503178,-0.45871041714693545,0,0
0.6040732640382883,1.0864036559974755,-0.0626013775813272,-0.7346023792693883,-1.2798863701043115,-1.8022572603882017,2.2943901487236027,0,0
1.8333000737060494,-0.6584879789859119,-0.30232769940808124,-0.7805748332707322,-1.4054421883644899,-0.4591642978748364,-0.7220504712736829,1,0
-0.3178468432125324,3.0781362509626047,0.3840831552748682,1.5254728294367006,-0.5265514605432418,-1.4664840197598605,1.8155900503113356,0,0
0.05092119968779586,-0.08569431426856347,0.47700823176370954,2.8867854239728135,-2.6610003709662724,-2.1380305010165435,-0.45871041714693545,1,0
2.0176840951562136,-0.430089825697822,-0.9255103052381352,0.4249228191322918,-0.024328187502528874,-0.12339105724649518,-0.35337439549623695,0,0
-0.010540140795592191,0.4659945186421504,-0.7170043598186326,0.04599830545810637,-0.6521072788034201,0.21238218338184606,0.8140998444656758,0,0
-0.1334628217623683,-0.5379313791014584,-1.0968386413051707,-0.5674564095938143,0.47789508553818405,2.898568108408577,-0.10759034497793968,1,0
-0.2563855027291444,0.5865511185266042,1.8643636340894085,0.39227796134964266,1.1056741768390752,0.21238218338184606,0.9847832128811597,0,0
1.8333000737060494,2.3279906487908195,3.040460283170778,-0.15035302829445343,-1.1543305518441331,-0.794937538503178,1.918467368753971,0,0
0.9113799664552286,0.5479220783190677,-0.6801304636738992,-0.29309683651764296,-0.5265514605432418,0.21238218338184606,0.8377329262462808,0,0
0.6040732640382883,-0.5379313791014584,-0.4606307157249025,-0.6069751568972952,-0.5265514605432418,-0.4591642978748364,-0.9268705133722639,0,0
0.9113799664552286,1.807438759195043,2.892344674658937,-0.4565962771460793,-0.024328187502528874,-0.4591642978748364,0.748511404018377,0,0
-1.6699963338470696,-0.6584879789859119,0.3620372273831985,1.2055235038597865,-0.7776630970635985,-0.4591642978748364,-0.7220504712736829,0,0
-0.3178468432125324,0.8810075511463225,0.3840831552748682,0.2513231427588553,-0.2754398240228856,-0.794937538503178,1.1213299076135472,0,0
0.9113799664552286,2.770299914366139,2.9184954876228493,-0.1774909375155152,0.2267834490178273,-0.12339105724649518,1.5094099873792794,0,0
0.29676656162134807,-0.6584879789859119,-0.9255103052381352,-0.5292775419686389,1.2312299950992531,1.21970190526687,-0.7220504712736829,0,0
1.0343026474220047,2.0149237384018024,2.2531584487218757,0.8265989901856006,0.1012276307576495,-0.6606282422518414,1.1551534008041384,0,0
0.5426119235549003,1.3148018092855656,0.8120888486433655,-0.15035302829445343,0.1012276307576495,-0.4591642978748364,1.724618031613005,1,0
1.0343026474220047,1.5319726315858533,1.723193441073948,0.35865848755049773,-0.024328187502528874,-0.12339105724649518,0.6875933478753753,0,0
1.7718387332226613,-0.9529444116056305,0.28681892222247096,0.8038473328064777,-1.4054421883644899,-1.1307107791315192,-1.3365105975694263,0,0
-0.8709989075630249,-0.6584879789859119,-0.20310319691612422,-0.9309537130219476,1.1056741768390752,0.5481554240101877,-0.7220504712736829,1,0
-1.9773030362640098,-0.7951637793924539,0.8120888486433655,-0.7805748332707322,1.1056741768390752,0.5481554240101877,-0.45871041714693545,1,0
0.9113799664552286,2.024271274409456,2.3998710294882812,2.237421479889374,-1.2798863701043115,-1.1307107791315192,0.7191378249472428,0,0
-0.9324602480464129,0.05098148613797845,0.7020932933657891,1.1974505751191022,-0.5265514605432418,-0.12339105724649518,-0.7220504712736829,0,0
-0.8709989075630249,-0.16154738680482278,-0.5274809670945598,-0.4565962771460793,0.3523392672780057,0.21238218338184606,0.27053896351174844,0,0
-0.5022308646626966,0.17153808602243215,-1.0237321667811987,0.2131442751336804,-0.2754398240228856,0.21238218338184606,0.7116898234163852,0,0
1.6489160522558852,0.11303370133807245,-0.3537703314600257,-0.29309683651764296,-0.14988400576270725,-0.0226590850579927,0.9044616277444617,0,0
0.7884572854884525,-0.6584879789859119,-1.2512293170454216,-0.7346023792693883,1.1056741768390752,1.21970190526687,-0.7220504712736829,1,0
-1.1783056099799651,1.5319726315858533,-1.0968386413051707,-1.0436645751167262,-2.7865561892264505,-2.1380305010165435,0.9044616277444617,0,0
0.4811505830715122,-0.7951637793924539,-0.5502497264552632,-0.42194219717699644,-1.5309980066246682,-1.1307107791315192,-1.5120706336539242,1,0
-0.5022308646626966,-0.7951637793924539,-0.01779705410333955,0.13266942393495193,2.23567654118068,0.21238218338184606,-0.45871041714693545,0,0
-1.4241509719135175,1.516808678990306,2.6606260016842396,1.8494513855613528,-0.400995642283064,-0.4591642978748364,0.9562510677131982,1,0
-0.2563855027291444,-0.24347494648174,0.07750658207845683,-0.15035302829445343,0.3523392672780057,0.11165021119334358,0.506869781317804,0,0
-0.3178468432125324,-0.5379313791014584,0.441756616672643,1.8357453088360651,-0.024328187502528874,-0.4591642978748364,-0.10759034497793968,1,0
-0.19492416224575634,-1.1395592908217125,-0.7927698273580172,0.9132701086624471,1.1056741768390752,-0.12339105724649518,-1.090726547051129,1,0
0.7884572854884525,-0.6584879789859119,0.47700823176370954,0.23239549155573805,-0.024328187502528874,0.21238218338184606,-0.7220504712736829,0,0
-0.7480762265962488,0.17153808602243215,-0.39585905071501215,-0.8785643257798388,1.1056741768390752,0.21238218338184606,0.7116898234163852,0,0
1.6489160522558852,-0.6584879789859119,-0.9810688176108983,-0.35567786559520237,-0.14988400576270725,0.21238218338184606,-0.7220504712736829,0,0
-0.8709989075630249,-0.33253527425030543,-0.4606307157249025,-1.3098782266961335,0.8545625403187186,-0.12339105724649518,-0.5544704368293895,1,0
0.9113799664552286,1.2573915434429581,-0.7170043598186326,1.6184054264404597,-0.2754398240228856,-0.794937538503178,0.8377329262462808,0,0
0.9113799664552286,0.3293187182356087,-0.44969462371064955,1.844901202657028,-1.9076654614052027,-1.1307107791315192,0.9457698715290489,0,0
0.23530522113796,-0.9529444116056305,-0.17423454914505898,0.11161892811310273,-0.9032189153237768,-0.12339105724649518,-1.3365105975694263,0,0
-0.6866148861128608,1.3866592433879341,0.4203157336541049,1.7791893885580543,-0.5265514605432418,-0.12339105724649518,0.5589426733767651,0,0
1.5259933712891092,-0.16154738680482278,0.859171547304737,-1.3875758416247899,-0.400995642283064,-0.4591642978748364,-0.29665499922278354,0,0
-0.010540140795592191,0.8521733041434172,-0.4716245182543948,0.6697664037365227,-0.2754398240228856,0.21238218338184606,0.5946497993600527,1,0
0.7269959450050645,-0.9529444116056305,-0.2521247703054,0.23239549155573805,-0.5265514605432418,-0.4591642978748364,-1.3365105975694263,0,0
-0.6866148861128608,-0.6584879789859119,-0.4388156394867202,-1.5611755179982263,1.9845649046603233,0.8839286646385285,-0.7220504712736829,1,0
0.23530522113796,0.9629351108232396,-0.4716245182543948,1.4947851340242813,-0.14988400576270725,-0.794937538503178,1.404926888980814,0,0
-1.055382929013189,-0.6584879789859119,0.5525240054399343,-0.8285041404782032,1.2312299950992531,1.9248257105863869,-0.7220504712736829,1,0
1.7718387332226613,-0.430089825697822,-0.631959051791938,-0.4565962771460793,0.3523392672780057,0.5481554240101877,-0.35337439549623695,0,0
1.6489160522558852,0.9629351108232396,-0.406515446045651,0.23239549155573805,-0.9032189153237768,-1.8022572603882017,1.2158622347359698,0,0
1.8333000737060494,1.9863577519374516,1.7986843358623879,-0.5674564095938143,-1.6565538248848461,-1.4664840197598605,0.9126453364187666,0,0
1.2801480093555568,2.445468906267721,0.5925891006943707,2.3418279056392466,-1.4054421883644899,-1.8022572603882017,0.810398277439797,0,0
-0.6866148861128608,0.9090517185430385,1.513068439233524,0.720389251421469,-0.400995642283064,-0.794937538503178,1.619540820826312,0,0
2.75522018095687,-0.33253527425030543,-0.20310319691612422,1.1561943596333326,-0.14988400576270725,-0.794937538503178,-0.5544704368293895,0,0
-1.6699963338470696,0.17153808602243215,-0.5965476483325806,-0.3239527046678899,0.6034509037983624,0.5481554240101877,0.30204973921922235,0,0
0.23530522113796,-0.6584879789859119,-0.3747084046354713,-0.9858996705714811,1.4823416316196099,1.8912483865235525,-0.7220504712736829,1,0
0.3582279021047361,0.37693419087358504,1.9694272776264747,-0.6069751568972952,-0.6521072788034201,-1.2985973994456896,0.7861698387249598,0,0
-0.010540140795592191,-0.33253527425030543,-1.9715288675298634,1.5375175296707084,0.8545625403187186,0.5817327480730218,0.1158497009477854,0,0
-2.2846097386809503,-0.5379313791014584,1.0954793712901862,0.2131442751336804,0.3523392672780057,-0.4591642978748364,-0.9268705133722639,1,0
0.4196892425881242,-0.9529444116056305,-0.4172266302819929,-1.5611755179982263,0.2267834490178273,-0.12339105724649518,-1.3365105975694263,1,1
-0.010540140795592191,-0.16154738680482278,-0.7419546070695145,-0.15035302829445343,-0.7776630970635985,-0.4591642978748364,0.8377329262462808,0,1
-0.19492416224575634,-0.430089825697822,-0.8982769665316215,-0.9309537130219476,0.980118358578897,1.21970190526687,-0.35337439549623695,0,1
-2.346071079164338,-1.1395592908217125,0.8239596542355945,0.0682994052249898,1.3567858133594322,0.5481554240101877,-1.090726547051129,0,1
0.4811505830715122,-0.5379313791014584,-0.2521247703054,-0.4565962771460793,0.980118358578897,-0.12339105724649518,-0.9268705133722639,1,1
0.29676656162134807,-0.33253527425030543,-0.631959051791938,-1.0436645751167262,1.7334532681399666,2.562794867780235,-0.5544704368293895,0,1
-0.3178468432125324,-0.7951637793924539,-0.6200882461997091,-0.12385371775042418,-0.9032189153237768,-0.4591642978748364,-0.45871041714693545,0,1
0.9113799664552286,-1.1395592908217125,1.5551571584885104,-0.3883227233778525,-1.9076654614052027,-1.9029892325767042,-1.090726547051129,0,1
0.9113799664552286,-0.9529444116056305,-0.5049583613047443,-0.9309537130219476,0.2267834490178273,0.5481554240101877,-1.3365105975694263,0,1
-1.2397669504633533,-0.9529444116056305,-0.5388342417575943,0.11161892811310273,-1.0287747335839552,-0.794937538503178,-1.3365105975694263,0,1
-0.19492416224575634,-0.6584879789859119,-0.844855558888679,-0.8285041404782032,-0.024328187502528874,-0.4591642978748364,-0.7220504712736829,0,1
-0.5636922051460846,-0.6584879789859119,-0.5502497264552632,-0.3883227233778525,0.8545625403187186,1.555475145895211,-0.7220504712736829,0,1
0.17384388065457196,-0.7951637793924539,-0.7545426861220094,-0.5292775419686389,1.1056741768390752,0.21238218338184606,-0.45871041714693545,0,1
-0.44076952417930854,0.5479220783190677,1.1417202010272223,0.19355823821361082,-0.14988400576270725,-0.4591642978748364,0.8377329262462808,1,1
0.17384388065457196,-0.7951637793924539,-0.2720610061233507,-0.5292775419686389,-1.2798863701043115,-0.4591642978748364,-0.45871041714693545,0,1
-0.6251535456294727,0.2793796394260684,-0.09915180182963408,1.16456739996454,-0.5265514605432418,-0.4591642978748364,1.4900059833909935,0,1
1.218686668872169,-0.33253527425030543,0.17673108457041384,-0.20529898584398648,0.980118358578897,0.8839286646385285,-0.5544704368293895,0,1
-0.07200148127898025,-0.5379313791014584,-0.5502497264552632,0.60310974721198,0.7290067220585408,0.21238218338184606,-0.9268705133722639,0,1
1.1572253283887808,-0.5379313791014584,0.5592552576440231,0.2131442751336804,0.3523392672780057,-0.12339105724649518,-0.10759034497793968,0,1
-0.9939215885298011,-0.6584879789859119,-0.8713950355588835,-1.3098782266961335,0.7290067220585408,0.5481554240101877,-0.7220504712736829,0,1
-1.055382929013189,-0.430089825697822,-2.017317979844324,0.9132701086624471,-0.024328187502528874,-0.4591642978748364,-0.35337439549623695,1,1
-1.1168442694965772,-0.7951637793924539,0.05194404364175357,-0.8285041404782032,-1.0287747335839552,-0.794937538503178,-0.45871041714693545,0,1
-0.44076952417930854,0.5865511185266042,-1.6961726707407034,-0.9309537130219476,1.3567858133594322,0.8839286646385285,1.2578766023459345,0,1
-2.5304551006145024,-0.5379313791014584,0.800150015140643,-0.3883227233778525,1.1056741768390752,0.21238218338184606,-0.9268705133722639,0,1
-0.44076952417930854,-0.430089825697822,-0.19343579792248425,-0.7805748332707322,1.6078974498797889,1.8912483865235525,-0.35337439549623695,0,1
-0.7480762265962488,-0.6584879789859119,-0.3747084046354713,-0.8285041404782032,1.1056741768390752,0.21238218338184606,-0.7220504712736829,0,1
-0.9324602480464129,-0.7951637793924539,-0.4172266302819929,-0.3239527046678899,0.6034509037983624,-0.056236409120826863,-0.45871041714693545,1,1
-0.1334628217623683,-0.6584879789859119,-0.4388156394867202,-0.9858996705714811,-0.2754398240228856,-0.12339105724649518,-0.7220504712736829,0,1
0.23530522113796,-0.16154738680482278,-0.29218986555983456,-0.7346023792693883,-0.024328187502528874,0.41384612775885105,-0.29665499922278354,0,1
1.2801480093555568,-0.7951637793924539,-0.7927698273580172,-0.9858996705714811,0.1012276307576495,0.21238218338184606,-0.45871041714693545,1,1
0.6040732640382883,-0.6584879789859119,-0.10839048989578784,-0.8285041404782032,0.2267834490178273,0.8839286646385285,-0.7220504712736829,1,1
0.6655346045216763,-0.33253527425030543,-0.5732700794090204,-0.15035302829445343,0.8545625403187186,0.8839286646385285,0.7861698387249598,0,1
1.218686668872169,-0.430089825697822,-0.33304060077635445,-1.4710339230097986,-0.6521072788034201,-0.12339105724649518,-0.35337439549623695,1,1
1.218686668872169,0.2268784864902951,-0.6923493886995999,-0.12385371775042418,-2.1587770979255594,-1.1978654272571876,0.5392097879649485,0,1
-0.5022308646626966,-0.6584879789859119,-0.406515446045651,-0.20529898584398648,2.3612323594408577,1.8912483865235525,-0.7220504712736829,0,1
-0.6251535456294727,-0.6584879789859119,-0.3747084046354713,-0.4565962771460793,1.1056741768390752,1.21970190526687,-0.7220504712736829,0,1
0.6040732640382883,-0.33253527425030543,-0.20310319691612422,-1.3098782266961335,-0.2754398240228856,-0.4591642978748364,-0.5544704368293895,0,1
-0.5636922051460846,-0.24347494648174,0.859171547304737,0.7079452713616976,1.6078974498797889,0.5481554240101877,-0.10759034497793926,1,1
-2.0387643767473977,-0.6584879789859119,0.5047862532250191,0.37559367490583784,0.47789508553818405,0.5481554240101877,-0.7220504712736829,0,1
-1.1168442694965772,-0.430089825697822,-0.5732700794090204,0.9441259768126935,0.980118358578897,3.0664547287227477,-0.35337439549623695,0,1
0.4196892425881242,-0.9529444116056305,-0.5965476483325806,-0.6479312607925423,0.6034509037983624,0.8839286646385285,-1.3365105975694263,0,1
-1.3626896314301293,-0.33253527425030543,-0.44969462371064955,-0.1774909375155152,1.4823416316196099,0.8839286646385285,0.7861698387249598,0,1
-0.9939215885298011,-0.7951637793924539,-0.7927698273580172,-0.1774909375155152,-0.7776630970635985,-0.12339105724649518,-1.5120706336539242,1,1
-1.9773030362640098,-0.9529444116056305,0.6253979794620452,0.17362552783019894,0.6034509037983624,0.21238218338184606,-1.3365105975694263,0,1
-1.6699963338470696,-0.16154738680482278,0.5991923415466245,-0.9309537130219476,-1.2798863701043115,-1.4664840197598605,1.4049268889808133,0,1
2.386452138056542,-0.7951637793924539,-0.4826766436165722,-0.9309537130219476,0.1012276307576495,0.5481554240101877,-0.45871041714693545,1,1
-1.2397669504633533,-0.7951637793924539,-1.0968386413051707,-0.7346023792693883,1.4823416316196099,1.21970190526687,-1.5120706336539242,1,1
-0.3793081836959205,0.05098148613797845,-0.0626013775813272,0.4875038482098512,1.1056741768390752,0.21238218338184606,1.1213299076135472,0,1
-2.407532419647726,-0.9529444116056305,0.41311945449613113,-0.5292775419686389,-1.4054421883644899,-0.794937538503178,-1.3365105975694263,0,1
-0.44076952417930854,-0.9529444116056305,-0.7545426861220094,-0.3883227233778525,-0.2754398240228856,-0.12339105724649518,-1.3365105975694263,1,1
1.5259933712891092,-0.7951637793924539,-0.0001416878889102189,-0.6069751568972952,-0.7776630970635985,-0.6270509181890073,-0.45871041714693545,1,1
-0.19492416224575634,-0.7951637793924539,-0.38525688663854984,-0.42194219717699644,-0.9032189153237768,-0.794937538503178,-0.45871041714693545,0,1
-1.7314576743304577,-0.7951637793924539,-1.0237321667811987,-0.3239527046678899,0.980118358578897,0.8167740165128602,-0.45871041714693545,1,1
0.9113799664552286,0.37693419087358504,0.27914554063864444,0.09016744644519024,-0.2754398240228856,-0.12339105724649518,0.7861698387249598,0,1
-1.7929190148138456,-0.7951637793924539,1.1819788594839502,-0.35567786559520237,1.2312299950992531,1.21970190526687,-0.45871041714693545,0,1
0.29676656162134807,-0.7951637793924539,-0.29218986555983456,-1.1689234081053468,1.3567858133594322,0.21238218338184606,-0.45871041714693545,0,1
0.9728413069386166,-0.6584879789859119,-0.4388156394867202,-0.35567786559520237,0.3523392672780057,-0.12339105724649518,-0.7220504712736829,0,1
-0.010540140795592191,-0.9529444116056305,0.2714437915907484,-0.15035302829445343,-1.4054421883644899,-1.4664840197598605,-1.3365105975694263,1,1
1.1572253283887808,-0.33253527425030543,-1.0237321667811987,-0.7805748332707322,0.1012276307576495,1.5218978218323769,0.7861698387249598,0,1
-0.2563855027291444,-0.5379313791014584,-0.343379682764705,-0.7805748332707322,0.8545625403187186,0.21238218338184606,-0.9268705133722639,1,1
1.218686668872169,-0.7951637793924539,-0.3642130638250128,-0.8785643257798388,0.6034509037983624,1.21970190526687,-0.45871041714693545,0,1
2.4479134785399297,-0.430089825697822,-0.2720610061233507,-1.3098782266961335,0.6034509037983624,0.21238218338184606,-0.35337439549623695,1,1
0.23530522113796,-0.6584879789859119,-0.844855558888679,-1.3098782266961335,0.6034509037983624,0.8839286646385285,-0.7220504712736829,1,1
1.218686668872169,-0.7951637793924539,0.23250208312264142,-0.6069751568972952,-1.6565538248848461,-1.3993293716341921,-0.45871041714693545,0,1
0.6655346045216763,-0.430089825697822,-0.406515446045651,-0.6069751568972952,-0.6521072788034201,-0.4591642978748364,-0.35337439549623695,0,1
0.6040732640382883,-0.5379313791014584,-1.4886117562944312,-1.237196961873574,0.1012276307576495,0.21238218338184606,-0.9268705133722639,0,1
0.29676656162134807,-0.430089825697822,-0.44969462371064955,-0.49235066862113014,1.1056741768390752,0.21238218338184606,-0.35337439549623695,1,1
0.11238254017118392,-0.6584879789859119,-0.008950668221710586,-1.4710339230097986,-0.2754398240228856,-0.5934735941261731,-0.7220504712736829,1,1
-1.9158416957806217,-0.5379313791014584,0.5592552576440231,-1.237196961873574,1.3567858133594322,0.21238218338184606,-0.10759034497793968,0,1
-1.7314576743304577,-1.1395592908217125,-0.29218986555983456,-0.9309537130219476,1.7334532681399666,2.562794867780235,-1.090726547051129,1,1
-0.5636922051460846,-0.7951637793924539,-0.9255103052381352,-0.7346023792693883,-0.024328187502528874,0.5481554240101877,-0.45871041714693545,1,1
1.0343026474220047,-0.7951637793924539,-0.6559055308977622,-0.02368383978428082,1.2312299950992531,0.8839286646385285,-0.45871041714693545,0,1
0.29676656162134807,-0.7951637793924539,-0.4388156394867202,-1.3098782266961335,1.3567858133594322,1.21970190526687,-0.45871041714693545,0,1
0.17384388065457196,-0.6584879789859119,-0.17423454914505898,-0.6069751568972952,-0.7776630970635985,-0.12339105724649518,-0.7220504712736829,1,1
-1.5470736528802935,-0.9529444116056305,-0.33304060077635445,-1.4710339230097986,-0.14988400576270725,-0.12339105724649518,-0.10759034497793926,1,1
-1.4241509719135175,-0.33253527425030543,-1.1268149965300944,-0.9309537130219476,0.8545625403187186,0.5481554240101877,-0.5544704368293895,1,1
-0.010540140795592191,-0.7951637793924539,-0.5732700794090204,0.2131442751336804,0.7290067220585408,0.8839286646385285,-0.45871041714693545,0,1
-0.9939215885298011,-0.24347494648174,-0.8186499209732583,-0.8785643257798388,-0.14988400576270725,-0.12339105724649518,-0.10759034497793926,0,1
-1.1168442694965772,-0.24347494648174,-0.5848763531305666,-0.23381110967946211,0.2267834490178273,0.5481554240101877,-0.10759034497793926,0,1
-1.055382929013189,-0.9529444116056305,-1.1419664869120418,-1.237196961873574,-1.5309980066246682,-1.1307107791315192,-1.3365105975694263,1,1
0.7884572854884525,0.11303370133807245,-0.4826766436165722,0.6302476564330413,0.47789508553818405,1.555475145895211,0.9044616277444617,0,1
-1.2397669504633533,-0.5379313791014584,-0.8317115358261241,-0.7346023792693883,1.6078974498797889,2.562794867780235,-0.10759034497793968,1,1
1.2801480093555568,-0.9529444116056305,-1.7978182318953293,1.268104532937346,0.2267834490178273,3.2343413490369177,-0.10759034497793926,0,1
-0.8095375670796369,-0.7951637793924539,-0.4716245182543948,-0.12385371775042418,-0.024328187502528874,-0.794937538503178,-0.45871041714693545,0,1
-1.4856123123969054,-0.430089825697822,-1.0672874969695194,-0.9309537130219476,0.47789508553818405,0.8839286646385285,-0.35337439549623695,0,1
-1.4241509719135175,0.5865511185266042,-0.8186499209732583,1.0957723510553563,-0.024328187502528874,0.8839286646385285,0.16550304448683514,0,1
1.218686668872169,-0.08569431426856347,0.19281858338988192,-0.7805748332707322,-1.1543305518441331,-0.794937538503178,0.5946497993600531,0,1
-0.44076952417930854,-0.6584879789859119,0.08595819912500507,0.7326972289767861,1.4823416316196099,1.4883204977695428,-0.7220504712736829,0,1
-0.44076952417930854,-0.7951637793924539,-0.9255103052381352,-0.9309537130219476,1.3567858133594322,1.555475145895211,-1.5120706336539242,1,1
-1.6699963338470696,-0.6584879789859119,-0.3642130638250128,-0.49235066862113014,0.47789508553818405,0.7496193683871919,-0.7220504712736829,1,1
0.9113799664552286,0.17153808602243215,-0.343379682764705,-0.7346023792693883,-1.7821096431450245,-0.794937538503178,-0.5172304291751016,0,1
-0.6251535456294727,0.17153808602243215,0.3096709328267562,1.4759629342690401,0.1012276307576495,-0.12339105724649518,-0.10759034497793968,0,1
-1.1168442694965772,-0.9529444116056305,-0.8056696874264723,-0.6069751568972952,-1.9076654614052027,-0.5934735941261731,-0.10759034497793926,0,1
-1.4241509719135175,-0.5379313791014584,-0.5848763531305666,-0.9309537130219476,0.7290067220585408,0.8839286646385285,-0.10759034497793968,0,1
-0.1334628217623683,-0.16154738680482278,-0.8847926427912804,-0.9858996705714811,1.1056741768390752,0.21238218338184606,0.8377329262462808,0,1
-0.010540140795592191,-0.7951637793924539,-0.9118491366485948,-0.15035302829445343,-1.1543305518441331,-0.12339105724649518,-0.45871041714693545,1,1
-0.5636922051460846,-0.6584879789859119,-0.844855558888679,-0.23381110967946211,-1.1543305518441331,-1.4664840197598605,-0.7220504712736829,0,1
-0.9324602480464129,-0.6584879789859119,-0.844855558888679,-0.8785643257798388,1.7334532681399666,1.21970190526687,-0.7220504712736829,1,1
-1.6085349933636814,-0.08569431426856347,-0.5965476483325806,-0.6904332382823044,1.8590090864001445,1.21970190526687,1.648010015867042,0,1
0.23530522113796,0.2793796394260684,-0.2620690409513533,-0.4565962771460793,-0.14988400576270725,0.5481554240101877,-0.35337439549623695,0,1
-1.4241509719135175,-0.6584879789859119,0.490943539539745,-0.20529898584398648,0.8545625403187186,-0.12339105724649518,-0.7220504712736829,0,1
-0.8095375670796369,-0.7951637793924539,-0.7545426861220094,-0.5674564095938143,-0.14988400576270725,0.07807288713050942,-0.45871041714693545,0,1
1.6489160522558852,-0.7951637793924539,-0.5161892280976657,-0.8785643257798388,0.7290067220585408,0.21238218338184606,-0.45871041714693545,0,1
-1.055382929013189,-0.9529444116056305,-0.8317115358261241,-1.237196961873574,0.47789508553818405,0.21238218338184606,-0.10759034497793926,0,1
1.0343026474220047,-0.7951637793924539,-0.7927698273580172,-1.1689234081053468,0.1012276307576495,-1.1307107791315192,-0.45871041714693545,0,1
0.23530522113796,-0.9529444116056305,-0.5161892280976657,-0.6904332382823044,-0.2754398240228856,-0.794937538503178,-1.3365105975694263,1,1
-1.3012282909467412,-0.5379313791014584,-0.406515446045651,-0.35567786559520237,1.2312299950992531,0.8839286646385285,-0.9268705133722639,1,1
-0.5636922051460846,-0.6584879789859119,-0.844855558888679,-0.23381110967946211,-1.1543305518441331,-1.4664840197598605,-0.7220504712736829,0,1
1.5259933712891092,-0.08569431426856347,-1.009413754784744,-0.7805748332707322,0.8545625403187186,2.159866979026226,0.5946497993600531,0,1
-0.44076952417930854,0.5479220783190677,1.1417202010272223,0.19355823821361082,-0.14988400576270725,-0.4591642978748364,0.8377329262462808,1,1
-0.010540140795592191,-0.6584879789859119,-1.0968386413051707,-0.9858996705714811,0.1012276307576495,0.21238218338184606,-0.7220504712736829,0,1
0.9728413069386166,-0.01507679319364995,-0.39585905071501215,0.6435752526517355,0.8545625403187186,1.21970190526687,0.3839777560586549,0,1
-0.7480762265962488,0.05098148613797845,-0.7545426861220094,-0.8285041404782032,0.47789508553818405,-0.056236409120826863,-0.26120537655187537,0,1
1.0343026474220047,-0.9529444116056305,-0.8186499209732583,0.933934334977243,-0.6521072788034201,0.5481554240101877,-1.3365105975694263,0,1
1.218686668872169,-0.6584879789859119,-0.343379682764705,-0.8785643257798388,-0.2754398240228856,0.5481554240101877,-0.7220504712736829,0,1
-1.4856123123969054,-0.6584879789859119,-0.5388342417575943,0.19355823821361082,0.47789508553818405,0.21238218338184606,-0.7220504712736829,0,1
0.7269959450050645,-0.430089825697822,-0.4937877139260489,-0.8285041404782032,-0.2754398240228856,0.8839286646385285,-0.35337439549623695,0,1
-1.1783056099799651,0.2268784864902951,-0.5732700794090204,-1.0436645751167262,1.2312299950992531,0.21238218338184606,0.5392097879649485,0,1
0.9113799664552286,-0.08569431426856347,-0.8317115358261241,-1.5611755179982263,-0.7776630970635985,0.21238218338184606,1.1213299076135472,1,1
1.218686668872169,-0.6584879789859119,-1.009413754784744,-0.5674564095938143,0.1012276307576495,0.8167740165128602,-1.643740660717298,0,1
-1.4856123123969054,-0.7951637793924539,-0.2422277410282787,-0.8285041404782032,1.2312299950992531,0.8839286646385285,-0.45871041714693545,0,1
-0.44076952417930854,-0.6584879789859119,-1.0237321667811987,-0.8285041404782032,-0.024328187502528874,0.31311415557034855,-0.7220504712736829,1,1
1.0957639879053926,-0.5379313791014584,-0.4172266302819929,-0.07265541336579703,0.980118358578897,3.0664547287227477,-0.9268705133722639,0,1
0.9113799664552286,-0.7951637793924539,-0.6801304636738992,-0.6904332382823044,0.47789508553818405,0.21238218338184606,-0.45871041714693545,0,1
-0.6251535456294727,-0.5379313791014584,-0.4606307157249025,-0.9858996705714811,0.6034509037983624,0.8839286646385285,-0.9268705133722639,0,1
-0.010540140795592191,-0.7951637793924539,-0.7672072889213138,0.11161892811310273,-2.1587770979255594,-1.6343706400740312,-0.45871041714693545,1,1
-0.9573337896124607,-0.5756902417311122,-1.5136923273927652,0.32272018060602936,-0.07440291671581414,-0.24490097710459816,-0.39538497560040414,0,1
-0.5913065162035891,-0.6584879789859119,-0.29014469911277235,-0.23827989603475386,1.1748183159323604,1.2690117171110313,-0.7220504712736829,0,1
-2.234525268763202,-1.0701102570085637,0.896155972323082,-0.017197678331647204,1.3314668705207133,0.6835760457550685,-0.9632774133675512,0,1
-0.9964213397723467,-0.7951637793924539,-0.04934301254861532,-0.7223009594104707,-1.0098512690252113,-0.7443306203463612,-0.45871041714693545,0,1
-0.07603274374944899,-0.7951637793924539,-0.4489280238026045,-0.323241650439398,-1.0884644303468038,-0.4591642978748364,-0.45871041714693545,0,1
0.3528538195788833,-0.46289384513898535,-0.38959640454056976,-0.4814746406334344,1.0674817048914373,0.1102442637603811,-0.5278245699092712,0,1
1.0430081051458227,-0.7587290747746016,-0.6220987661487972,-0.030620231996519635,1.1956622427773271,1.1930642648806253,-0.5250211727148149,0,1
-0.460803395435514,-0.5045382376937401,-0.2628910067455145,-0.5930585478544237,1.8534536722506758,1.8912483865235525,-0.4735476455307803,0,1
-1.4376872819263617,-0.5945845124093476,-0.5094110638542775,-0.9083901118422707,0.8396169018248256,0.8839286646385285,-0.1849213974937302,0,1
-0.8627969778864754,-0.7951637793924539,-0.7655846137415881,-0.45481470065096846,-0.33121828981060597,0.01987993260033047,-0.7629740081961699,0,1
0.44602561987670364,-0.5173876759953977,-0.2897616206934298,-0.46340745131798755,1.004036610608533,-0.05942660617251855,-0.8176201028739463,0,1
-0.5394356297898182,0.12950410009918512,0.17987224017694864,1.1313208711307325,0.45144397742889736,-0.006318348796671161,0.32089234819467255,0,1
-0.018801223500650242,-0.5379313791014584,-0.5215770963784883,0.5011908766184207,0.753157773197991,0.18008867114942248,-0.9268705133722639,0,1
-0.8534038057841753,-0.8045480563232601,-0.7294731180748255,-0.6211982503723981,-0.14988400576270725,0.06609046939591717,-0.43782694148214896,0,1
-1.1649687540129037,-0.6105580479144099,-0.7574832239065237,-1.159228441955081,0.7290067220585408,0.6816494699139041,-0.4777583169845901,0,1
-0.5824216356008749,-0.6619813567423656,-0.37899227347258513,-0.5603694284327442,0.7334642927399425,0.08284122992422291,-0.7011009392306743,0,1
1.4181777576290229,-0.430089825697822,-0.3231442288183044,-1.444879982122623,-0.448342874321789,-0.0688984535857684,-0.35337439549623695,1,1
-1.8327840550913985,-0.7117407697603763,0.9800234410543659,-0.6415632205368802,1.2719489878242491,0.8930181641583137,-0.34483870763664914,0,1
-1.2922234157289552,0.1441142472855836,-0.5794336044432411,-0.9501346109439379,1.3974557791534048,0.47910420850786883,0.8328022152955811,0,1
1.2158988990176849,-0.7568629085868182,-1.5047083536778425,1.1375331841098755,0.35803424110135373,2.8131374153257878,-0.004817405391258314,0,1
-0.8608091154359746,-0.08404210765930031,-0.7839391885553616,-0.8514593398788357,0.19002571123347076,-0.08703030908574894,-0.19076489257310453,0,1
-1.6111259580356205,-0.6584879789859119,0.49515470899820474,-0.028582376137945287,0.7399744243154992,0.08090385891670304,-0.7220504712736829,0,1
0.29676656162134807,-0.7951637793924539,-0.3257011893868702,-1.2011386349667055,1.3567858133594322,0.44260512777551814,-0.45871041714693545,0,1
1.1111570254372722,-0.413022176261445,-0.31030741175695264,-1.4428389399101464,-0.5862074517128799,-0.18213624008139287,-0.38855713874696,0,1
-0.44405739674534583,0.5412105281921378,1.1268833841436772,0.21642563846639074,-0.14540626927429268,-0.453176904728789,0.8208762462311157,0,1
0.10829268346057419,-0.6584879789859119,-0.9750390632581407,-1.1424992765999773,0.34398433551392776,0.5369836497645688,-0.7220504712736829,0,1
0.2887796544044772,-0.5379313791014584,-0.27592671382138173,-0.5410993366028198,0.9473697381069378,-0.03581159996327257,-0.9268705133722639,0,1
1.219837932045825,-0.7951637793924539,0.23163052970698345,-0.6069751568972952,-1.6532612363384513,-1.3964361846771007,-0.45871041714693545,1,1
-0.9854200964314975,-0.23329245202456247,-0.8164330512050204,-0.876833212097505,-0.12817499753819073,-0.12106880595033677,-0.11290245242155841,0,1
0.03810449844659389,-0.5152912708846419,-0.8120749446502182,-0.730970525400376,1.1056741768390752,0.21238218338184606,0.11393709465734969,0,1
-0.45519617952253955,-0.45689546817651394,-0.23531278537606876,-0.7345386912620069,1.5194833100905736,1.8518408111442446,-0.3966435679280821,0,1
1.509737750207024,-0.7951637793924539,-0.5471261046011695,-0.8430626522690601,0.6816201712599127,0.21238218338184606,-0.45871041714693545,0,1
-0.09623917655924745,-0.7951637793924539,-0.8304853824956147,-0.14296312972027972,-1.084302710116065,-0.21702859502478086,-0.45871041714693545,0,1
-0.606737136194248,0.0471826803733012,0.47432448938023397,1.2458324551362434,0.5526894448739395,0.07783258767140688,-0.10759034497793955,0,1
-0.8001131553334115,-0.665416830875552,-0.7545426861220094,-0.6074851704689086,-0.05362107697595431,0.05747805305655253,-0.4284252198199119,0,1
0.981671808554689,-0.7007942154536008,-0.4933885988482745,-0.17039191947530485,0.20802469849915262,-0.026906141015165974,-0.8103334650319006,0,1
-1.8854385733312808,-0.9529444116056305,-0.0798906586598423,-0.5607068586652908,-1.6085955839393649,-0.7134437356805867,-0.8394023678111151,0,1
-0.9876426494261703,-0.7798246678110609,-0.3153027818146569,-0.3106362095226384,0.6316331379650157,-0.06377316864771312,-0.48826504541386384,0,1
-0.3571690137626984,-0.5762774120400932,-0.3543881617848912,-0.7125054642328261,0.8171289391301007,0.17233879310758526,-0.8570811616028037,0,1
-1.081240633677963,-0.7863666407094302,-0.005778467957769706,-0.79022672011408,-1.0368561345518652,-0.8381616316501668,-0.47566030125265957,0,1
0.33634631561083295,-0.4532390233343075,-0.40728440761916507,-0.48467565422727854,1.0787224466424894,0.1403053181752052,-0.47648069874818594,0,1
1.218686668872169,0.017770954039488,-0.10018241192252442,-0.5631924306563363,-1.486814156108811,-0.9283114021839538,0.5762985044294965,0,1
-1.864298571122354,-0.645792365943486,0.8203715950427829,-0.8675642113448068,1.304138579006446,0.6347648192591463,-0.2548196887205971,0,1
-1.039683584273299,-0.24347494648174,-0.7316200503877717,-0.6385338147404092,-0.009657203623239574,0.1266141246705465,-0.10759034497793926,0,1
-1.4278304507901882,-0.5533309973952031,-0.5643631602773826,-0.9248204097920816,0.7590731005330755,0.8839286646385285,-0.12861069498267386,0,1
0.9194732459362662,0.1460788678859264,-0.32821316656865973,-0.7312411679065315,-1.7788029846190048,-0.8108549004842694,-0.515689236585247,0,1
-0.3170753081367599,-0.4607083046573849,-0.7740200164123805,-0.9465540228472946,0.8731745676657273,1.1243688394969138,-0.516201972291751,0,1
-2.0134029036168073,-0.9047639086654359,0.3028295367761661,-0.6206505312072413,-1.2904215603066085,-0.794937538503178,-1.0684621458646093,0,1
-1.4926858963098242,-0.8474005023489969,-0.5541890089989578,-0.8356028048167053,1.6724816359500516,2.562794867780235,-0.6133020856758604,1,1
-0.885879971261495,-0.3992031241793984,-0.7891470614158116,-1.0117718686570538,0.47789508553818405,0.06421865301235626,-0.19232068766852775,0,1
0.2346239175827235,-0.9513123758183513,-0.5133778394143197,-0.6947597467634256,-0.2754398240228856,-0.793820917058897,-1.3331049293452724,1,1
1.1680379302432091,-0.5017970174565768,0.4919595958408558,0.13952953871505197,0.46278146254066926,0.053821919353000874,-0.18620783805338129,0,1
0.17051107242196825,-0.6609584437757026,-0.18756720102229782,-0.5987215458879057,-0.7844714982708895,-0.12339105724649518,-0.7172905040408111,0,1
1.0631568154127014,0.044492620177159936,-0.07855472901869998,-0.7573078853722116,-1.4720534954279467,-0.794937538503178,0.031920227735132256,0,1
-1.4351416553311314,0.36390985402293796,-0.768612523133307,0.9344359790992778,0.06548073881661456,0.7638409034921583,0.0067883202196239445,0,1
-0.5617772768760508,-0.7450763649355789,-0.638838579081639,-0.7208028028611883,-0.19589629387782126,0.0042426402973996385,-0.5552163267147492,0,1
-0.5007977147936539,-0.6934536775147433,-0.7873534548494777,-0.20568076761619175,-1.0900887932187198,-1.2087819421952055,-0.6546803229681806,0,1
-1.5399293680402417,-0.1545777712587455,-0.5555668321577806,-0.5472915209760372,1.7538962379373308,1.1260009993030171,1.4075048307512144,0,1
1.1618851812193034,-0.4750529778778828,-0.07977161051600576,-0.14935048013644622,1.0574760081687071,0.8839286646385285,-0.5249705293382123,0,1
-0.948147725612672,-0.10877297470389677,-0.6624918747034277,-0.5058592464392624,0.3416569203654116,0.27167047537157196,-0.17786304190505392,0,1
-1.0564663789684567,-0.24347494648174,-0.699702638862076,-0.5505048133409041,0.041769697516655824,0.2183012456684416,-0.10759034497793926,0,1
0.3023596754670969,-0.9529444116056305,-0.48019975925251773,-1.0070938033814385,-0.09279760123005934,-0.5507179878980855,-1.3365105975694263,1,1
-0.793803240081518,-0.3474198653477533,-0.825213432703274,-0.8660261607294586,-0.11843706718475076,-0.20748943373335993,-0.2614891456705881,0,1
1.1430654064314345,-0.7792531461265829,-0.9311759453075381,0.04830770395755746,-0.20773697720368633,0.7066057008402595,-1.5177366553145408,0,1
-0.21438326060861834,-0.7951637793924539,-0.3760288246408256,-0.4305235577342427,-0.9058690397741916,-0.794937538503178,-0.45871041714693545,0,1
0.07920733477638305,-0.7286379060451169,-0.5528210242728233,-0.37261026625952987,-0.9709906239544975,-0.12339105724649518,-0.586889122053048,0,1
0.6770771932813421,-0.29069580728755473,-0.5647632459633682,-0.07705367769081484,0.8191930096878597,0.9469876933318703,0.7972775811168321,0,1
0.8927459269305114,0.040573683793684846,-0.43357212389862804,0.6377858199485367,0.6909403202909002,1.3655599090849986,0.6100730172580223,0,1
1.2402029570833737,-0.5578943340980385,-0.49398187638876767,-1.3011988963980456,-0.38838099320346836,-0.005844095820844303,-0.39025026222860537,0,1
0.9351251685377298,-0.7629895769511236,-0.8628889616733402,-0.5960166637253335,0.2794649818698042,0.8406069753566803,-1.534705744222981,0,1
0.006894639908581746,0.49131210269683445,0.8561424842282914,0.1593280346067043,-0.19145251635796476,-0.3479978564938401,0.8206616285584856,0,1
-2.270935087378107,-1.092779209925969,0.8725902746355008,0.010709540175313892,1.3397312608457623,0.6393732177266784,-1.00487825721241,0,1
-0.8090709825229778,0.26706797223314627,0.04994809443225917,1.3884486628890849,0.07232653105214237,0.10847910314061784,-0.04472826986899496,0,1
-0.7179900437506266,-0.8741813645307818,-0.7130286605366009,-0.36580413279478297,-1.40625239515325,-0.5264272825805258,-0.2828671605493587,0,1
1.0338073434517825,-0.5863399448572255,-0.23258918400298295,-0.6069751568972952,-0.7058446417836315,-0.5310190663782638,-0.3984577704347465,1,1
0.31045081670871255,-0.5379313791014584,-0.2732453534689353,-0.5315798134119684,0.951058968462092,-0.045677688599703836,-0.9268705133722639,1,1
0.12578227148197987,-0.6713273900654869,-0.02675304008420899,-1.4749644365432546,-0.2535409950554537,-0.5729762224823264,-0.748843250372883,1,1
-0.8061882379661852,-0.7944189660938736,-0.7550348451470125,-0.5688789863846474,-0.1491997906867674,0.07514521889155595,-0.4601454859285268,0,1
-2.150603554960196,-1.0406430503223107,0.7187109492107285,0.12412809433194347,0.9574765117444504,0.370176975760096,-1.2210057314018796,0,1
-0.8042423520856056,-0.3594961316987156,0.7562295995948164,0.45263839467334965,1.3972948850754658,0.36041766017765886,-0.2793690279056568,0,1
-1.6413538795836957,-0.6205125404257327,-0.45306074761645887,-0.5434505451460427,0.5217790956378698,0.726147614569453,-0.7025263955120965,0,1
-0.7353748285454039,0.4169562164991757,-1.4187579218344986,-0.8702749127518543,1.483487316459397,0.9686379494766852,1.3562999382526266,0,1
0.4427633800946628,-0.9529444116056305,-0.5922495322599712,-0.6612129817264196,0.5857745958593232,0.8681714466370587,-1.3365105975694263,0,1
0.706191318702354,-0.18516319982272078,-0.5433062729195195,0.10783088600517701,0.7299796648905899,1.1060428679145877,0.8252948839831802,0,1
0.042891568591996915,-0.5563403233254002,-0.8687474839075652,-1.1404099092562132,0.7719097854291264,1.0340982210466998,-0.5571656142963954,0,1
0.06832229374320871,-0.7951637793924539,-0.6508017384331987,-0.10439512709285204,0.890110229086428,0.596703177303221,-0.45871041714693545,0,1
0.6125351946482682,-0.3416344442742647,-0.21470100567241202,-1.3071058686468606,-0.2680313717216445,-0.47237255362221764,-0.5525869888989153,0,1
-1.9065799319915393,-0.5573128773868545,0.6061751495693125,-1.1707777983710932,1.3473256525337418,0.2882799530270169,-0.13404592782447505,0,1
-0.9735388096422448,-0.7002693637788816,-0.3342094606575647,-0.8285041404782032,1.1440562162353747,0.4176719410148092,-0.6415482016682111,0,1
0.01907460077599127,-0.19419086071125918,-0.8253195489893742,-0.8263845995201644,1.057734195377123,0.3405878145839458,0.8278889640382899,0,1
0.3718537757412297,-0.7951637793924539,-0.7345648753493744,-0.5725437944734838,0.9371312751434357,0.21238218338184606,-0.45871041714693545,0,1
0.22444859722922028,-0.5003096914117917,-0.3244291349906981,-1.1431199435558748,-0.2754398240228856,-0.2863350532439677,-0.6407272532273356,0,1
0.3956460621630419,0.014969687170154844,-0.315902319128945,-0.5126405107176727,-0.33705602397396983,0.17274059269880904,-0.35337439549623695,0,1
1.0084130329650878,-0.18312033483241544,-0.9075004403154628,-1.2530790887506533,-0.43077242653458553,0.7292368315318285,0.9890450884079469,0,1
-1.3762766259102284,-0.49205893627069797,-0.5848763531305666,-0.8223480563813388,0.6507669356973759,0.8316196060528908,-0.10759034497793961,0,1
-0.2379367536837229,-0.7951637793924539,-0.39130116686891875,-0.4010810218802987,-0.8417113603354343,-0.794937538503178,-0.45871041714693545,0,1
-0.0494909689385918,-0.9322099289167904,0.19283831046012817,-0.1562298234737121,-1.3877598785094294,-1.4664840197598605,-1.293242692914358,0,1
-1.4241509719135175,-0.37544636507899837,-1.013593870124857,-0.9309537130219476,0.828331579778655,0.6183047388518144,-0.4611088211119502,0,1
-1.303704669853086,-0.7502170563355005,-0.44040580587384653,-0.8449667569636354,1.3963893744405367,0.9943498716961567,-0.5453115012264218,1,1
-0.9532090952626617,-0.7951637793924539,-1.0353922850299009,-0.8050231531229526,1.437311441527591,1.3401258972636068,-1.5120706336539242,1,1
0.786410057863424,-0.9529444116056305,-0.5282370287114349,-0.8590196937946561,0.3225186238106589,0.6334967761082583,-1.3365105975694263,0,1
0.06083014146871488,-0.42878604022842726,-0.5653876767958297,-0.7961031069501885,1.9188305254073135,2.3644935121792816,-0.6039552438077109,0,1
-0.8135138339821391,-0.7951637793924539,-0.581173918089101,-0.45640807104493586,0.4009602781262458,0.1387106385551506,-0.45871041714693545,0,1
0.8369723083787843,-0.9529444116056305,-0.5188185868933696,-0.8881238672851501,0.28378461219496665,0.5989680573732812,-1.3365105975694263,0,1
-0.2758621923672707,-0.7951637793924539,-0.6599490075155479,-0.12747408883924524,-0.9375261214457747,-0.4132905106775877,-0.45871041714693545,0,1
-0.7604901287747339,-0.7442010084105887,-0.7557761187607391,-0.1332602243411244,-1.1177826338746437,-1.2710042240023351,-0.9009130568755934,0,1
-1.4581280287402731,-0.6584879789859119,-0.07833818973732665,0.01519725554908663,0.6463332466649832,0.06223109788395778,-0.7220504712736829,0,1
-1.0028561088216499,-0.5059552646105444,-0.6424563050934113,-0.7482336782091686,1.6078974498797889,2.3636745241566426,-0.18046780910345778,0,1
1.2444869630186217,-0.7158618635360504,-0.5320250625406016,-0.9236216487434308,-0.11732203725967344,0.40720424548748074,-0.6115053578157481,0,1
-0.9309342997519323,-0.6584879789859119,-0.7441404719257674,-1.1865468433406625,0.8255115393993653,0.4621279882879938,-0.7220504712736829,0,1
0.38608842848375696,0.4433606407541973,0.6142439695542989,0.1303333514699631,-0.22666311010776585,-0.2538343574888044,0.806201391252426,0,1
1.105793763311477,-0.5589200459755888,-0.41290103177684195,-0.13841289055146985,0.9493844863226346,2.9157704456910354,-0.8886713740246606,0,1
-1.112701577484526,-0.9521263406792123,-0.8047074731203128,-0.6044702385321477,-1.9024575438999656,-0.5927772188558391,-0.10941085436932783,0,1
0.3039155453137966,-0.7680568621180098,-0.6857324462246002,-1.4033873522979219,0.4632908401674432,0.5090993701927244,-0.9506945160596955,1,1
-1.869839997829292,-0.8957391963035455,0.5992769838510926,0.10001036447608702,0.6522353541980509,0.1471501884414279,-1.2171369995584433,0,1
-1.4285110957674538,-0.6584879789859119,0.4178901594283608,-0.17700368861729493,0.8278414056725587,-0.09957099565228329,-0.7220504712736829,0,1
-1.0309960631104944,-0.8903396084958594,-1.0034108998838907,-0.8167227498071694,-1.2320868980351984,-0.7310226046539496,-1.4061699805928418,0,1
-1.1355660813289001,-0.2645445485041823,-0.5825388627702085,-0.2121141956756658,0.2395320179308648,0.5311087098211489,-0.1387855829722565,0,1
-1.1992115960199274,0.16345055938129244,-0.5592587419222177,-0.945455338581723,1.2597017483795967,0.28852403803888094,0.5672108226154082,0,1
-0.1830426155114836,-0.43639744539355463,-0.8968016397035742,-0.9414183848734421,0.9697160194079739,1.2104289322791426,-0.36355603857627533,0,1
-0.2595848278522886,-0.6584879789859119,-1.0545198695689257,-0.894788923490679,0.028547775140105314,0.27069238593701384,-0.7220504712736829,0,1
-1.1168442694965772,-0.8837616872667186,-0.4296282588080625,-0.704109883696022,-1.5222946202950531,-0.681810320456645,-0.2615474106962873,0,1
1.0534721604117143,-0.6584879789859119,-0.4075151399288008,-0.5271709587437705,0.1464441325231845,0.09685863754016899,-0.7220504712736829,0,1
-2.024327065949992,-0.9529444116056305,0.1007333097580404,-0.31896565573617564,-1.2818377583273395,-0.794937538503178,-1.3365105975694263,0,1
-0.7480762265962488,-0.05901580675379745,-0.6956525650317155,-0.8285041404782032,0.5752269708013483,-0.014589348256081346,-0.33265554509859485,0,1
-0.6318500457080066,-0.5401205798636628,-0.4680898308868165,-0.9917828333571415,0.6057308859254117,0.8778313208596236,-0.923151163351554,0,1
-1.0277500036685412,-0.7731498868691055,-0.09250032768341021,-0.7327190166636937,-1.0489975695259375,-0.9031011784368338,-0.501125677429995,0,1
-0.552305874869419,-0.4451440085070645,-0.28253614317753994,-0.7741572910072656,1.6078974498797889,1.9849931738960307,-0.31906407715123275,0,1
-1.0398167574870973,-0.7951637793924539,-1.0539634921094758,-0.7837395676800708,1.4509211172793177,1.3037296155589329,-1.5120706336539242,1,1
-0.4998440298273479,-0.6496181973587982,-0.39824055449847284,-0.22763967060246554,2.33197679829164,1.8912483865235525,-0.7077330337803839,0,1
1.414158740963904,-0.16055266503985885,-1.013756035368152,-0.7805748332707322,0.6261020412493752,1.966392934224191,0.6527312226682874,0,1
1.0764289960831193,-0.9545905136276528,0.8447823602670342,-0.5057571030849302,-1.7727978141655254,-1.6324823719801698,-0.7512817899747479,0,1
0.9941498010393087,-0.7951637793924539,-0.7559760393354842,-1.0126239999454514,0.22426652260586516,-0.691987795079005,-0.45871041714693545,0,1
0.9708262368262699,-0.7155310739260772,-0.6416814083105427,-0.04548753339195456,1.1663938508670864,0.8839286646385285,-0.2444279385385446,0,1
-2.023676412731596,-0.9101001986745823,0.08566876274568119,-0.43375238164911145,-1.234973223421978,-0.6125838488742508,-1.38418268166923,0,1
-0.012675809879119607,-0.786225424318153,-0.5724701642801189,0.22669486149920065,0.7290067220585408,0.8605936536073395,-0.4749781235748467,0,1
-1.5699247017643039,-0.6584879789859119,-0.45898606060907277,-0.12008400892247287,0.47789508553818405,0.4580420316082201,-0.7220504712736829,0,1
0.7140819723977126,-0.28238415960160784,-0.5452432306369799,-0.02493067980955077,0.8545625403187186,0.936973088686256,0.72263277025081,0,1
1.2306335263247004,-0.685055025715212,-0.4307321543477139,-0.8994281737492896,-0.20222319135788286,0.482887810082282,-0.670862422600314,0,1
-0.031904149810829396,-0.4666171922070837,-0.5392219441981446,-0.6987996161042411,1.9916926488595212,2.286551600288227,-0.6234051384075823,0,1
1.1263447572464786,-0.699557388091698,-0.4445691804425298,-0.8220332312117411,-0.0490718824969838,0.44725966525024224,-0.6429200005926891,0,1
0.9473312073785561,0.0026476898959876764,-0.40787053316921273,0.6417313385003834,0.8024494331366893,1.2661571714589475,0.4559883092599764,0,1
0.1286999633593565,-0.697575722466175,-0.07628426503036018,-1.367412755512496,-0.2754398240228856,-0.6202170104892327,-0.8036172401902799,1,1
0.47553366812405007,-0.5346461875295079,-0.25814336700392027,-0.45768546792483616,0.9839431821551473,-0.11316235239772454,-0.9094000249238925,0,1
-0.9412974860969354,-0.4009296403637061,-0.8003534022892262,-0.7897726033719743,-0.14988400576270725,-0.06589226119008026,-0.20780173259565932,0,1
-1.698644834129048,-1.1198028866563516,-0.31488647318764657,-0.9288022109829236,1.7334532681399666,2.5076373750214014,-1.075585936127224,1,1
-0.2560231578403196,0.13680993346096038,-1.2083879569523719,-0.9639860742508287,1.2058227460794015,0.48020895639871597,1.0052950058846744,0,1
-0.8933849968955796,-0.7951637793924539,-1.0225642546849083,-0.8197247543027603,1.427910580679904,1.3652665682039444,-1.5120706336539242,1,1
-0.6094220633616132,0.065312447101742,0.4503196577789022,1.2793831631412804,0.4868708555331531,0.04849620519920944,-0.10759034497793957,0,1
-1.2537042781494931,-0.16154738680482278,0.26275151076741426,-0.7351318136040437,-1.153898374983552,-1.2137872631210913,1.262640312381386,0,1
0.182059569455191,-0.7951637793924539,-0.5885025758119719,0.16948887852588065,0.8215833833128622,0.8839286646385285,-0.45871041714693545,0,1
-1.4490037765993238,-0.3699494139028305,-1.1184783822810056,-0.8818637407367246,0.864716611817469,0.5698794064744149,-0.5467260399543482,0,1
1.0781404340516467,-0.6584879789859119,-0.3979390377929234,-0.5796377052424765,0.08345239540908644,0.16424202127083787,-0.7220504712736829,0,1
-0.010540140795592191,-0.9037957290139227,-0.05209612305891853,-0.06874873787680857,-1.6401060874496767,-1.5187807186478919,-1.0630757542596412,0,1
-0.21638410057073842,-0.7872101231478028,-0.4120025858676916,-0.4109941727686013,-0.9178320043269058,-0.834017242798548,-0.47403512173795903,0,1
0.2467989720198982,-0.7951637793924539,-0.7461796094130172,-0.48641013662489974,1.1163195866441629,0.2693201062531537,-0.45871041714693545,0,1
-0.9785918386956336,0.35512002631812,-0.1894443127037837,1.3077847820616981,0.04568773459454628,0.322199067781461,0.013213124776628365,0,1
1.2359350517812,-0.8534295325255495,-1.4667698176695776,0.9466072461492935,0.4074236375425574,3.194084259713921,-0.304043372967247,0,1
1.218686668872169,-0.72856354648906,0.22877686244078724,-0.6232715296755172,-1.6094084738891195,-1.3425931217599207,-0.35982802798268265,0,1
-1.366538222448815,-0.16154738680482278,0.35394216752051155,-0.7882083904666075,-1.1880468105092261,-1.2822794944115001,1.3012063994321181,0,1
-1.6993079833516431,-0.7951637793924539,-1.0285123069189075,-0.3508034453838308,1.0129567308459966,0.843119860518835,-0.5275854310657053,1,1
-1.1547839899928891,-0.852237673785947,-0.3867740678222321,-0.7388857125921546,0.3309475143257633,-0.08052822010798363,-0.3316999619515645,0,1
-0.6313105918044277,-0.7291078535367526,-0.8846429695859944,-0.6936217549205419,-0.08920240889569322,0.19166921182669067,-0.585983650875883,0,1
0.3915674384913544,-0.2739054646815609,-0.6800876373093862,-0.43685250644096973,0.9406658757633326,0.6536629838300371,0.8038502373035752,0,1
-1.2665439908283798,-0.6830945939238042,-0.796083533801872,-0.5695152380168456,1.372939097045037,1.0734146042238515,-1.2571148009441628,1,1
-1.2932842292071594,0.09578552220701614,-0.8934031709076029,-0.7553643100238944,1.7234285483715133,1.12905633174659,1.5426893329208133,0,1
0.258766798502802,0.2455265038348911,-0.2731257587395533,-0.4743422802423632,-0.15587504321923937,0.5641772228354484,-0.35337439549623695,0,1
-0.7190847699428574,-0.7178001905882897,-0.8798567176013817,-0.9012993704079304,1.5699936087473094,1.3654149974113887,-1.0648898247061354,0,1
-0.7480762265962488,-0.06157332421474495,-0.6942833266713321,-0.8285041404782032,0.5774900082773015,-0.013621023649551929,-0.3343168137429574,0,1
0.8005977614624938,0.3122277417420326,0.15644540101500432,0.061265388308055106,-0.3357893067476197,-0.16373913044915894,0.7923658989767308,0,1
-0.683463271477213,-0.7484371023012679,-0.8465730960533342,-0.6567033208256421,-0.10695902446161237,0.1584287176493219,-0.548741027084867,0,1
-0.9713532139697335,-0.21644412104449115,-0.8127649367020308,-0.8739688475347008,-0.092254471644074,-0.11722632328352843,-0.12169206137132897,0,1
-0.976560544385208,-0.29542030545000975,-0.8126137768134394,-0.8492713413652551,-0.14988400576270725,-0.10442181899925171,-0.1406507534940114,0,1
-0.8044272335308915,0.3772049435766782,-1.3537348034231138,-0.8560524360069102,1.5131848248703679,0.9884929207076397,1.379369339754665,0,1
1.2161680481187327,-0.7898932234890709,-0.36529928377760484,-0.8620516781852601,0.6111686208322974,1.2575408943862174,-0.4683027700390961,0,1
-0.549721311726482,-0.5190234904379133,-0.5373633509949016,-0.9762659810049933,0.6694921103035638,0.9427998775395134,-0.8263192842445721,0,1
1.215522435903915,-0.34047448913732026,0.1624421228235206,-0.20218226982826767,0.9844277109443602,0.8839286646385285,-0.5528270893802084,0,1
-1.3322001377671286,0.07338287160390666,-0.856758049989464,-0.7473489396016931,1.7401651924032913,1.1402460107309358,1.555690570453021,0,1
0.27090738291917743,-0.9529444116056305,-0.4970808347021164,-0.8585622728286693,-0.17846702737564082,-0.6652706276653007,-1.3365105975694263,1,1
-1.8070284139492563,-0.850972876616852,0.22221933050217285,0.18052831156699803,0.5599703813969471,0.21238218338184606,-1.1237204006960715,0,1
1.1199810737143916,-0.8161182183156301,-0.9072928790014196,0.2362773729851676,-0.30205227395716056,0.6729754496148762,-1.4792723624620254,0,1
-0.5917253721036708,-0.16154738680482278,-0.2722496502207892,-0.42373993143310107,-0.9535549044717453,-0.8119541744719443,1.0363791790420538,0,1
0.039673879561174664,-0.7951637793924539,-0.5772414503081055,0.2017625707111117,0.7531430322675905,0.8839286646385285,-0.45871041714693545,0,1
1.1384718993546081,-0.3098761899711829,-0.9962171839822218,-0.7088284877024273,0.12038277860384833,1.5236053720827112,0.7921854811142928,0,1
-0.6390830962289133,-0.6584879789859119,-0.3747084046354713,-0.49874073217968623,1.1056741768390752,1.1055528245158208,-0.7220504712736829,0,1
-0.35527288038725513,-0.6941458237771035,-0.8212935062781834,-0.7603984521026423,-0.05708489986006054,-0.319002542084889,-0.6533467303815527,0,1
-0.8095375670796369,-0.7951637793924539,-0.47595445075340653,-0.13064285302066447,-0.026249761581784,-0.7815765152701414,-0.45871041714693545,0,1
-0.44076952417930854,-0.6780880862508254,-1.0058139211223565,-0.7992040402411988,-0.04104310511352674,0.28405875706270844,-0.7629512058178748,1,1
-0.5023586899814545,-0.6584879789859119,-0.23280734605370035,0.17102152218232858,1.1677992685897844,1.5219676548707977,-0.7220504712736829,0,1
0.5191418256036561,-0.7941212523142218,-0.33324668579671823,-0.7453281998876455,0.40028497314349143,0.8839286646385285,-1.005084662504448,0,1
1.024446565131095,-0.39925905298029374,-0.29197567344617587,-1.42010288420681,-0.5330667162041838,-0.2295075665516471,-0.4169280303881221,0,1
-0.5164716003826275,-0.5707490943447981,-0.4131800712799356,-0.5390059146588018,1.1439552686510333,1.6844620453116137,-0.5804239860464812,0,1
0.962495815350413,-0.007888718906547118,-0.4007302465486161,0.6428274626128425,0.8334283338167993,1.238541603029961,0.4131812709509503,0,1
1.2152602973016737,-0.7693729791064078,-0.4009802004802624,-0.8731015680739407,0.5754527584397716,1.2365488449706932,-0.38931033111166435,0,1
-0.18292631867714781,-0.5720921161843088,-0.33658162044877377,-0.8321479381611634,0.9212583265720219,0.21238218338184606,-0.8646983533265482,0,1
-0.2843126514293792,-0.6584879789859119,-0.9098944500194596,-0.8285041404782032,-0.024328187502528874,-0.17836663043220913,-0.7220504712736829,0,1
-0.6737975137029368,-0.6130251654806802,-0.5548319439473687,-0.1230978698054046,0.8795545145001356,1.8562366975775255,-0.6486652383564573,0,1
